'조사번호'	'조사지역'	'주구분'	'조사일자'	'시간대'	'X좌표'	'Y좌표'	'행정구역명'	'날씨'	'남자10대'	'남자20대'	'남자30대'	'남자40대'	'남자50대'	'여자10대'	'여자20대'	'여자30대'	'여자40대'	'여자50대'
'2679'	'정자1동 KFC 앞'	'주중'	'2010-07-05'	'12시~13시까지'	'321737'	'529219'	'경기도 성남시 정자3동'	'맑음'	'11'	'25'	'29'	'38'	'5'	'7'	'18'	'15'	'28'	'4'
'2679'	'정자1동 KFC 앞'	'주중'	'2010-07-05'	'19시~20시까지'	'321737'	'529219'	'경기도 성남시 정자3동'	'맑음'	'31'	'15'	'18'	'14'	'1'	'22'	'20'	'27'	'13'	'8'
'2679'	'정자1동 KFC 앞'	'주말'	'2010-07-03'	'12시~13시까지'	'321737'	'529219'	'경기도 성남시 정자3동'	'비'	'6'	'38'	'18'	'30'	'16'	'24'	'60'	'8'	'28'	'6'
'2679'	'정자1동 KFC 앞'	'주말'	'2010-07-03'	'19시~20시까지'	'321737'	'529219'	'경기도 성남시 정자3동'	'비'	'19'	'25'	'40'	'28'	'30'	'28'	'16'	'39'	'20'	'25'
'2680'	'정자1동 국민은행 앞'	'주중'	'2010-07-05'	'12시~13시까지'	'321767'	'529355'	'경기도 성남시 정자동'	'흐림'	'8'	'3'	'7'	'12'	'9'	'1'	'12'	'16'	'9'	'8'
'2680'	'정자1동 국민은행 앞'	'주중'	'2010-07-05'	'19시~20시까지'	'321767'	'529355'	'경기도 성남시 정자동'	'흐림'	'19'	'15'	'18'	'3'	'16'	'17'	'20'	'30'	'18'	'13'
'2680'	'정자1동 국민은행 앞'	'주말'	'2010-07-03'	'12시~13시까지'	'321767'	'529355'	'경기도 성남시 정자동'	'비'	'9'	'8'	'9'	'11'	'8'	'16'	'10'	'11'	'15'	'3'
'2680'	'정자1동 국민은행 앞'	'주말'	'2010-07-03'	'19시~20시까지'	'321767'	'529355'	'경기도 성남시 정자동'	'비'	'14'	'15'	'32'	'16'	'11'	'4'	'19'	'20'	'13'	'9'
'2681'	'농협, 뚜레쥬르 앞'	'주중'	'2010-07-06'	'12시~13시까지'	'321094'	'530095'	'경기도 성남시 정자1동'	'흐림'	'7'	'38'	'24'	'32'	'8'	'5'	'22'	'43'	'13'	'9'
'2681'	'농협, 뚜레쥬르 앞'	'주중'	'2010-07-06'	'19시~20시까지'	'321094'	'530095'	'경기도 성남시 정자1동'	'흐림'	'26'	'10'	'16'	'29'	'15'	'35'	'14'	'40'	'46'	'28'
'2681'	'농협, 뚜레쥬르 앞'	'주말'	'2010-07-04'	'12시~13시까지'	'321094'	'530095'	'경기도 성남시 정자1동'	'맑음'	'76'	'20'	'36'	'50'	'32'	'42'	'46'	'15'	'10'	'15'
'2681'	'농협, 뚜레쥬르 앞'	'주말'	'2010-07-04'	'19시~20시까지'	'321094'	'530095'	'경기도 성남시 정자1동'	'맑음'	'33'	'24'	'22'	'19'	'43'	'22'	'13'	'35'	'24'	'19'
'2682'	'르노삼성정비 앞(컴퓨터 A/S 센터)'	'주중'	'2010-07-06'	'12시~13시까지'	'321512'	'530033'	'경기도 성남시 정자1동'	'흐림'	'2'	'4'	'5'	'5'	'6'	'0'	'1'	'5'	'9'	'1'
'2682'	'르노삼성정비 앞(컴퓨터 A/S 센터)'	'주중'	'2010-07-06'	'19시~20시까지'	'321512'	'530033'	'경기도 성남시 정자1동'	'흐림'	'10'	'16'	'19'	'22'	'13'	'8'	'20'	'24'	'35'	'21'
'2682'	'르노삼성정비 앞(컴퓨터 A/S 센터)'	'주말'	'2010-07-04'	'12시~13시까지'	'321512'	'530033'	'경기도 성남시 정자1동'	'맑음'	'11'	'10'	'20'	'21'	'9'	'12'	'15'	'17'	'26'	'8'
'2682'	'르노삼성정비 앞(컴퓨터 A/S 센터)'	'주말'	'2010-07-04'	'19시~20시까지'	'321512'	'530033'	'경기도 성남시 정자1동'	'맑음'	'7'	'36'	'35'	'40'	'29'	'18'	'21'	'19'	'36'	'17'
'2683'	'정자동 카페거리(베스킨라빈스 앞)'	'주중'	'2010-07-07'	'12시~13시까지'	'321009'	'530258'	'경기도 성남시 정자1동'	'흐림'	'0'	'2'	'11'	'8'	'9'	'1'	'6'	'8'	'7'	'6'
'2683'	'정자동 카페거리(베스킨라빈스 앞)'	'주중'	'2010-07-07'	'19시~20시까지'	'321009'	'530258'	'경기도 성남시 정자1동'	'흐림'	'3'	'7'	'5'	'12'	'5'	'4'	'21'	'18'	'5'	'2'
'2683'	'정자동 카페거리(베스킨라빈스 앞)'	'주말'	'2010-07-10'	'12시~13시까지'	'321009'	'530258'	'경기도 성남시 정자1동'	'흐림'	'3'	'7'	'9'	'10'	'5'	'1'	'45'	'26'	'18'	'9'
'2683'	'정자동 카페거리(베스킨라빈스 앞)'	'주말'	'2010-07-10'	'19시~20시까지'	'321009'	'530258'	'경기도 성남시 정자1동'	'흐림'	'8'	'65'	'28'	'38'	'1'	'14'	'118'	'31'	'28'	'4'
'2684'	'정자동 카페사거리(페밀리 마트앞 건널목)'	'주중'	'2010-07-07'	'12시~13시까지'	'321112'	'530237'	'경기도 성남시 정자1동'	'흐림'	'5'	'1'	'4'	'7'	'7'	'2'	'7'	'11'	'8'	'6'
'2684'	'정자동 카페사거리(페밀리 마트앞 건널목)'	'주중'	'2010-07-07'	'19시~20시까지'	'321112'	'530237'	'경기도 성남시 정자1동'	'흐림'	'9'	'16'	'13'	'20'	'9'	'4'	'26'	'20'	'13'	'5'
'2684'	'정자동 카페사거리(페밀리 마트앞 건널목)'	'주말'	'2010-07-10'	'12시~13시까지'	'321112'	'530237'	'경기도 성남시 정자1동'	'흐림'	'8'	'29'	'20'	'13'	'19'	'3'	'33'	'19'	'17'	'26'
'2684'	'정자동 카페사거리(페밀리 마트앞 건널목)'	'주말'	'2010-07-10'	'19시~20시까지'	'321112'	'530237'	'경기도 성남시 정자1동'	'흐림'	'13'	'41'	'43'	'29'	'34'	'20'	'65'	'48'	'51'	'21'
'2685'	'정자1동 서울24시감자탕, 구이랑'	'주중'	'2010-07-08'	'12시~13시까지'	'321777'	'530229'	'경기도 성남시 정자동'	'흐림'	'3'	'6'	'11'	'1'	'4'	'7'	'5'	'13'	'9'	'3'
'2685'	'정자1동 서울24시감자탕, 구이랑'	'주중'	'2010-07-08'	'19시~20시까지'	'321777'	'530229'	'경기도 성남시 정자동'	'흐림'	'28'	'19'	'14'	'8'	'16'	'32'	'26'	'21'	'11'	'20'
'2685'	'정자1동 서울24시감자탕, 구이랑'	'주말'	'2010-07-11'	'12시~13시까지'	'321777'	'530229'	'경기도 성남시 정자동'	'비'	'28'	'19'	'31'	'17'	'20'	'17'	'24'	'35'	'28'	'19'
'2685'	'정자1동 서울24시감자탕, 구이랑'	'주말'	'2010-07-11'	'19시~20시까지'	'321777'	'530229'	'경기도 성남시 정자동'	'비'	'16'	'40'	'14'	'47'	'10'	'15'	'36'	'10'	'17'	'10'
'2686'	'수이학원 앞(지하도 앞)'	'주중'	'2010-07-08'	'12시~13시까지'	'321581'	'530539'	'경기도 성남시 정자1동'	'비'	'5'	'1'	'4'	'7'	'7'	'7'	'2'	'11'	'8'	'6'
'2686'	'수이학원 앞(지하도 앞)'	'주중'	'2010-07-08'	'19시~20시까지'	'321581'	'530539'	'경기도 성남시 정자1동'	'비'	'40'	'5'	'9'	'13'	'7'	'45'	'8'	'18'	'13'	'13'
'2686'	'수이학원 앞(지하도 앞)'	'주말'	'2010-07-11'	'12시~13시까지'	'321581'	'530539'	'경기도 성남시 정자1동'	'비'	'25'	'16'	'1'	'13'	'5'	'30'	'10'	'20'	'18'	'17'
'2686'	'수이학원 앞(지하도 앞)'	'주말'	'2010-07-11'	'19시~20시까지'	'321581'	'530539'	'경기도 성남시 정자1동'	'비'	'12'	'19'	'12'	'6'	'9'	'8'	'9'	'8'	'11'	'3'
'2718'	'던킨도너츠앞'	'주중'	'2010-07-01'	'12시~13시까지'	'322873'	'529809'	'경기도 성남시 수내3동'	'맑음'	'39'	'16'	'22'	'16'	'25'	'29'	'17'	'57'	'82'	'38'
'2718'	'던킨도너츠앞'	'주중'	'2010-07-01'	'19시~20시까지'	'322873'	'529809'	'경기도 성남시 수내3동'	'맑음'	'93'	'30'	'38'	'40'	'30'	'68'	'35'	'88'	'125'	'21'
'2718'	'던킨도너츠앞'	'주말'	'2010-07-04'	'12시~13시까지'	'322873'	'529809'	'경기도 성남시 수내3동'	'맑음'	'56'	'27'	'19'	'39'	'35'	'45'	'35'	'39'	'37'	'39'
'2718'	'던킨도너츠앞'	'주말'	'2010-07-04'	'19시~20시까지'	'322873'	'529809'	'경기도 성남시 수내3동'	'맑음'	'110'	'53'	'37'	'56'	'42'	'89'	'70'	'69'	'54'	'23'
'2719'	'홈플러스앞'	'주중'	'2010-07-01'	'12시~13시까지'	'322823'	'529767'	'경기도 성남시 수내3동'	'맑음'	'74'	'22'	'18'	'25'	'64'	'40'	'37'	'40'	'69'	'93'
'2719'	'홈플러스앞'	'주중'	'2010-07-01'	'19시~20시까지'	'322823'	'529767'	'경기도 성남시 수내3동'	'맑음'	'55'	'34'	'10'	'30'	'44'	'125'	'40'	'40'	'88'	'52'
'2719'	'홈플러스앞'	'주말'	'2010-07-04'	'12시~13시까지'	'322823'	'529767'	'경기도 성남시 수내3동'	'맑음'	'100'	'41'	'31'	'31'	'30'	'63'	'42'	'78'	'42'	'31'
'2719'	'홈플러스앞'	'주말'	'2010-07-04'	'19시~20시까지'	'322823'	'529767'	'경기도 성남시 수내3동'	'맑음'	'88'	'52'	'27'	'40'	'40'	'152'	'45'	'80'	'52'	'48'
'2721'	'바이더웨이앞'	'주중'	'2010-06-23'	'12시~13시까지'	'323535'	'534834'	'경기도 성남시 야탑동'	'맑음'	'4'	'23'	'36'	'38'	'37'	'0'	'12'	'27'	'26'	'28'
'2721'	'바이더웨이앞'	'주중'	'2010-06-23'	'19시~20시까지'	'323535'	'534834'	'경기도 성남시 야탑동'	'맑음'	'95'	'13'	'39'	'59'	'28'	'58'	'36'	'61'	'66'	'17'
'2721'	'바이더웨이앞'	'주말'	'2010-06-26'	'12시~13시까지'	'323535'	'534834'	'경기도 성남시 야탑동'	'맑음'	'35'	'34'	'45'	'24'	'35'	'19'	'26'	'28'	'38'	'11'
'2721'	'바이더웨이앞'	'주말'	'2010-06-26'	'19시~20시까지'	'323535'	'534834'	'경기도 성남시 야탑동'	'맑음'	'36'	'38'	'25'	'19'	'23'	'33'	'32'	'14'	'29'	'25'
'2722'	'공룡고기앞'	'주중'	'2010-06-23'	'12시~13시까지'	'323531'	'534705'	'경기도 성남시 야탑1동'	'맑음'	'5'	'18'	'46'	'22'	'36'	'1'	'14'	'29'	'39'	'32'
'2722'	'공룡고기앞'	'주중'	'2010-06-23'	'19시~20시까지'	'323531'	'534705'	'경기도 성남시 야탑1동'	'맑음'	'49'	'36'	'36'	'33'	'50'	'44'	'33'	'61'	'65'	'63'
'2722'	'공룡고기앞'	'주말'	'2010-06-26'	'12시~13시까지'	'323531'	'534705'	'경기도 성남시 야탑1동'	'맑음'	'56'	'32'	'19'	'24'	'28'	'15'	'12'	'23'	'29'	'40'
'2722'	'공룡고기앞'	'주말'	'2010-06-26'	'19시~20시까지'	'323531'	'534705'	'경기도 성남시 야탑1동'	'맑음'	'13'	'8'	'7'	'7'	'26'	'11'	'9'	'16'	'6'	'22'
'2723'	'빠리바케트앞'	'주중'	'2010-06-24'	'12시~13시까지'	'323936'	'534785'	'경기도 성남시 야탑동'	'맑음'	'26'	'29'	'70'	'97'	'61'	'5'	'45'	'57'	'34'	'23'
'2723'	'빠리바케트앞'	'주중'	'2010-06-24'	'19시~20시까지'	'323936'	'534785'	'경기도 성남시 야탑동'	'맑음'	'98'	'21'	'41'	'62'	'46'	'110'	'19'	'59'	'102'	'18'
'2723'	'빠리바케트앞'	'주말'	'2010-06-27'	'12시~13시까지'	'323936'	'534785'	'경기도 성남시 야탑동'	'맑음'	'90'	'48'	'42'	'39'	'25'	'39'	'37'	'56'	'28'	'29'
'2723'	'빠리바케트앞'	'주말'	'2010-06-27'	'19시~20시까지'	'323936'	'534785'	'경기도 성남시 야탑동'	'맑음'	'55'	'23'	'39'	'36'	'34'	'40'	'28'	'27'	'43'	'28'
'2724'	'GS25앞'	'주중'	'2010-06-24'	'12시~13시까지'	'323919'	'534713'	'경기도 성남시 야탑동'	'맑음'	'19'	'40'	'107'	'92'	'59'	'3'	'32'	'100'	'70'	'24'
'2724'	'GS25앞'	'주중'	'2010-06-24'	'19시~20시까지'	'323919'	'534713'	'경기도 성남시 야탑동'	'맑음'	'140'	'44'	'92'	'81'	'47'	'160'	'34'	'99'	'91'	'39'
'2724'	'GS25앞'	'주말'	'2010-06-27'	'12시~13시까지'	'323919'	'534713'	'경기도 성남시 야탑동'	'맑음'	'165'	'63'	'50'	'72'	'54'	'85'	'34'	'50'	'66'	'24'
'2724'	'GS25앞'	'주말'	'2010-06-27'	'19시~20시까지'	'323919'	'534713'	'경기도 성남시 야탑동'	'맑음'	'93'	'46'	'9'	'27'	'67'	'82'	'38'	'9'	'22'	'63'
'2725'	'패밀리마트앞'	'주중'	'2010-06-25'	'12시~13시까지'	'323398'	'530974'	'경기도 성남시 서현동'	'맑음'	'39'	'24'	'30'	'23'	'45'	'51'	'21'	'56'	'106'	'87'
'2725'	'패밀리마트앞'	'주중'	'2010-06-25'	'19시~20시까지'	'323398'	'530974'	'경기도 성남시 서현동'	'맑음'	'80'	'16'	'29'	'28'	'78'	'68'	'40'	'72'	'133'	'60'
'2725'	'패밀리마트앞'	'주말'	'2010-07-03'	'12시~13시까지'	'323398'	'530974'	'경기도 성남시 서현동'	'비'	'46'	'17'	'31'	'35'	'41'	'67'	'43'	'37'	'56'	'31'
'2725'	'패밀리마트앞'	'주말'	'2010-07-03'	'19시~20시까지'	'323398'	'530974'	'경기도 성남시 서현동'	'비'	'24'	'50'	'13'	'21'	'47'	'26'	'54'	'22'	'45'	'49'
'2726'	'GS25앞'	'주중'	'2010-06-25'	'12시~13시까지'	'323424'	'530923'	'경기도 성남시 서현2동'	'맑음'	'68'	'49'	'17'	'30'	'83'	'62'	'64'	'46'	'110'	'147'
'2726'	'GS25앞'	'주중'	'2010-06-25'	'19시~20시까지'	'323424'	'530923'	'경기도 성남시 서현2동'	'맑음'	'98'	'42'	'19'	'37'	'76'	'60'	'100'	'80'	'139'	'138'
'2726'	'GS25앞'	'주말'	'2010-07-03'	'12시~13시까지'	'323424'	'530923'	'경기도 성남시 서현2동'	'비'	'75'	'42'	'30'	'41'	'75'	'85'	'65'	'43'	'80'	'66'
'2726'	'GS25앞'	'주말'	'2010-07-03'	'19시~20시까지'	'323424'	'530923'	'경기도 성남시 서현2동'	'비'	'80'	'58'	'20'	'55'	'50'	'38'	'80'	'45'	'90'	'30'
'2727'	'열린하늘문교회앞'	'주중'	'2010-07-07'	'12시~13시까지'	'322786'	'534080'	'경기도 성남시 야탑3동'	'흐림'	'3'	'16'	'23'	'20'	'43'	'1'	'10'	'22'	'32'	'20'
'2727'	'열린하늘문교회앞'	'주중'	'2010-07-07'	'19시~20시까지'	'322786'	'534080'	'경기도 성남시 야탑3동'	'흐림'	'108'	'34'	'30'	'13'	'30'	'66'	'19'	'38'	'54'	'16'
'2727'	'열린하늘문교회앞'	'주말'	'2010-07-10'	'12시~13시까지'	'322786'	'534080'	'경기도 성남시 야탑3동'	'흐림'	'86'	'28'	'18'	'11'	'19'	'60'	'26'	'29'	'28'	'18'
'2727'	'열린하늘문교회앞'	'주말'	'2010-07-10'	'19시~20시까지'	'322786'	'534080'	'경기도 성남시 야탑3동'	'흐림'	'69'	'22'	'15'	'25'	'32'	'70'	'20'	'26'	'34'	'17'
'2728'	'두레교회앞'	'주중'	'2010-07-07'	'12시~13시까지'	'322888'	'534078'	'경기도 성남시 야탑3동'	'흐림'	'10'	'29'	'30'	'42'	'33'	'7'	'74'	'74'	'74'	'72'
'2728'	'두레교회앞'	'주중'	'2010-07-07'	'19시~20시까지'	'322888'	'534078'	'경기도 성남시 야탑3동'	'흐림'	'240'	'25'	'6'	'33'	'14'	'300'	'60'	'34'	'100'	'30'
'2728'	'두레교회앞'	'주말'	'2010-07-10'	'12시~13시까지'	'322888'	'534078'	'경기도 성남시 야탑3동'	'흐림'	'68'	'10'	'9'	'18'	'8'	'52'	'11'	'16'	'8'	'9'
'2728'	'두레교회앞'	'주말'	'2010-07-10'	'19시~20시까지'	'322888'	'534078'	'경기도 성남시 야탑3동'	'흐림'	'43'	'16'	'15'	'18'	'15'	'27'	'19'	'15'	'15'	'18'
'2729'	'수내역4번출구앞'	'주중'	'2010-07-08'	'12시~13시까지'	'321848'	'531179'	'경기도 성남시 수내1동'	'흐림'	'5'	'31'	'76'	'49'	'84'	'3'	'46'	'65'	'80'	'49'
'2729'	'수내역4번출구앞'	'주중'	'2010-07-08'	'19시~20시까지'	'321848'	'531179'	'경기도 성남시 수내1동'	'흐림'	'35'	'74'	'64'	'66'	'107'	'16'	'82'	'69'	'87'	'35'
'2729'	'수내역4번출구앞'	'주말'	'2010-07-11'	'12시~13시까지'	'321848'	'531179'	'경기도 성남시 수내1동'	'비'	'78'	'114'	'86'	'50'	'52'	'49'	'163'	'128'	'75'	'55'
'2729'	'수내역4번출구앞'	'주말'	'2010-07-11'	'19시~20시까지'	'321848'	'531179'	'경기도 성남시 수내1동'	'비'	'60'	'108'	'111'	'54'	'73'	'95'	'133'	'188'	'124'	'58'
'2730'	'수내역2번출구앞'	'주중'	'2010-07-08'	'12시~13시까지'	'321655'	'530934'	'경기도 성남시 수내1동'	'흐림'	'17'	'63'	'245'	'219'	'337'	'15'	'83'	'397'	'488'	'329'
'2730'	'수내역2번출구앞'	'주중'	'2010-07-08'	'19시~20시까지'	'321655'	'530934'	'경기도 성남시 수내1동'	'흐림'	'70'	'170'	'235'	'350'	'160'	'55'	'205'	'415'	'363'	'180'
'2730'	'수내역2번출구앞'	'주말'	'2010-07-11'	'12시~13시까지'	'321655'	'530934'	'경기도 성남시 수내1동'	'비'	'36'	'121'	'54'	'41'	'33'	'36'	'130'	'74'	'42'	'44'
'2730'	'수내역2번출구앞'	'주말'	'2010-07-11'	'19시~20시까지'	'321655'	'530934'	'경기도 성남시 수내1동'	'비'	'39'	'48'	'106'	'54'	'40'	'33'	'75'	'101'	'51'	'33'
'2805'	'서현역 5번출구'	'주중'	'2010-07-02'	'12시~13시까지'	'322633'	'531881'	'경기도 성남시 서현동'	'흐림'	'4'	'253'	'149'	'176'	'192'	'5'	'369'	'355'	'345'	'183'
'2805'	'서현역 5번출구'	'주중'	'2010-07-02'	'19시~20시까지'	'322633'	'531881'	'경기도 성남시 서현동'	'흐림'	'158'	'540'	'465'	'495'	'133'	'94'	'890'	'430'	'300'	'90'
'2805'	'서현역 5번출구'	'주말'	'2010-07-03'	'12시~13시까지'	'322633'	'531881'	'경기도 성남시 서현동'	'비'	'176'	'163'	'90'	'83'	'96'	'398'	'196'	'93'	'87'	'59'
'2805'	'서현역 5번출구'	'주말'	'2010-07-03'	'19시~20시까지'	'322633'	'531881'	'경기도 성남시 서현동'	'비'	'160'	'348'	'281'	'233'	'67'	'482'	'473'	'113'	'76'	'29'
'2806'	'서현역 4번출구'	'주중'	'2010-07-02'	'12시~13시까지'	'322480'	'531797'	'경기도 성남시 서현동'	'흐림'	'0'	'159'	'222'	'182'	'134'	'7'	'211'	'340'	'278'	'180'
'2806'	'서현역 4번출구'	'주중'	'2010-07-02'	'19시~20시까지'	'322480'	'531797'	'경기도 성남시 서현동'	'흐림'	'30'	'415'	'280'	'215'	'141'	'156'	'535'	'395'	'230'	'105'
'2806'	'서현역 4번출구'	'주말'	'2010-07-03'	'12시~13시까지'	'322480'	'531797'	'경기도 성남시 서현동'	'비'	'44'	'102'	'134'	'86'	'67'	'457'	'112'	'89'	'70'	'58'
'2806'	'서현역 4번출구'	'주말'	'2010-07-03'	'19시~20시까지'	'322480'	'531797'	'경기도 성남시 서현동'	'비'	'70'	'552'	'250'	'132'	'71'	'445'	'650'	'140'	'125'	'62'
'3249'	'모란역 4번출구'	'주중'	'2010-06-09'	'12시~13시까지'	'323156'	'536923'	'경기도 성남시 성남동'	'맑음'	'0'	'144'	'60'	'24'	'290'	'0'	'206'	'102'	'174'	'156'
'3249'	'모란역 4번출구'	'주중'	'2010-06-09'	'19시~20시까지'	'323156'	'536923'	'경기도 성남시 성남동'	'맑음'	'6'	'204'	'150'	'186'	'144'	'12'	'198'	'120'	'204'	'36'
'3249'	'모란역 4번출구'	'주말'	'2010-06-12'	'12시~13시까지'	'323156'	'536923'	'경기도 성남시 성남동'	'비'	'98'	'272'	'84'	'188'	'392'	'146'	'268'	'126'	'206'	'452'
'3249'	'모란역 4번출구'	'주말'	'2010-06-12'	'19시~20시까지'	'323156'	'536923'	'경기도 성남시 성남동'	'비'	'186'	'516'	'160'	'358'	'208'	'278'	'510'	'240'	'310'	'152'
'3264'	'모란역 7번출구'	'주중'	'2010-06-09'	'12시~13시까지'	'323081'	'537051'	'경기도 성남시 성남동'	'맑음'	'0'	'96'	'18'	'78'	'300'	'0'	'54'	'18'	'120'	'240'
'3264'	'모란역 7번출구'	'주중'	'2010-06-09'	'19시~20시까지'	'323081'	'537051'	'경기도 성남시 성남동'	'맑음'	'24'	'150'	'120'	'108'	'276'	'2'	'204'	'126'	'128'	'210'
'3264'	'모란역 7번출구'	'주말'	'2010-06-12'	'12시~13시까지'	'323081'	'537051'	'경기도 성남시 성남동'	'비'	'0'	'60'	'118'	'124'	'1700'	'4'	'74'	'248'	'134'	'1308'
'3264'	'모란역 7번출구'	'주말'	'2010-06-12'	'19시~20시까지'	'323081'	'537051'	'경기도 성남시 성남동'	'비'	'126'	'140'	'188'	'174'	'650'	'86'	'196'	'170'	'140'	'394'
'3267'	'파리바게트앞'	'주중'	'2010-06-03'	'12시~13시까지'	'323808'	'536764'	'경기도 성남시 성남동'	'맑음'	'2'	'30'	'32'	'20'	'164'	'4'	'30'	'36'	'46'	'136'
'3267'	'파리바게트앞'	'주중'	'2010-06-03'	'19시~20시까지'	'323808'	'536764'	'경기도 성남시 성남동'	'맑음'	'20'	'50'	'60'	'40'	'124'	'20'	'60'	'90'	'76'	'84'
'3267'	'파리바게트앞'	'주말'	'2010-06-06'	'12시~13시까지'	'323808'	'536764'	'경기도 성남시 성남동'	'맑음'	'120'	'36'	'72'	'36'	'66'	'54'	'60'	'30'	'72'	'116'
'3267'	'파리바게트앞'	'주말'	'2010-06-06'	'19시~20시까지'	'323808'	'536764'	'경기도 성남시 성남동'	'맑음'	'126'	'30'	'98'	'42'	'8'	'86'	'30'	'78'	'30'	'48'
'3269'	'바다약국'	'주중'	'2010-06-03'	'12시~13시까지'	'323790'	'536805'	'경기도 성남시 성남동'	'맑음'	'14'	'42'	'30'	'60'	'114'	'10'	'58'	'90'	'24'	'72'
'3269'	'바다약국'	'주중'	'2010-06-03'	'19시~20시까지'	'323790'	'536805'	'경기도 성남시 성남동'	'맑음'	'42'	'48'	'24'	'6'	'24'	'30'	'24'	'24'	'18'	'30'
'3269'	'바다약국'	'주말'	'2010-06-06'	'12시~13시까지'	'323790'	'536805'	'경기도 성남시 성남동'	'맑음'	'120'	'36'	'72'	'36'	'66'	'54'	'60'	'30'	'72'	'116'
'3269'	'바다약국'	'주말'	'2010-06-06'	'19시~20시까지'	'323790'	'536805'	'경기도 성남시 성남동'	'맑음'	'126'	'30'	'98'	'42'	'96'	'86'	'30'	'78'	'30'	'48'
'3274'	'종합장식'	'주중'	'2010-06-10'	'12시~13시까지'	'324884'	'536722'	'경기도 성남시 하대원동'	'맑음'	'18'	'36'	'24'	'12'	'72'	'6'	'24'	'78'	'120'	'198'
'3274'	'종합장식'	'주중'	'2010-06-10'	'19시~20시까지'	'324884'	'536722'	'경기도 성남시 하대원동'	'맑음'	'66'	'84'	'42'	'12'	'108'	'102'	'72'	'90'	'168'	'246'
'3274'	'종합장식'	'주말'	'2010-06-13'	'12시~13시까지'	'324884'	'536722'	'경기도 성남시 하대원동'	'비'	'6'	'24'	'18'	'54'	'48'	'4'	'60'	'108'	'42'	'48'
'3274'	'종합장식'	'주말'	'2010-06-13'	'19시~20시까지'	'324884'	'536722'	'경기도 성남시 하대원동'	'비'	'60'	'42'	'18'	'68'	'64'	'60'	'24'	'116'	'24'	'66'
'3277'	'한림학원'	'주중'	'2010-06-10'	'12시~13시까지'	'324985'	'536753'	'경기도 성남시 하대원동'	'맑음'	'84'	'42'	'18'	'24'	'60'	'84'	'138'	'108'	'62'	'58'
'3277'	'한림학원'	'주중'	'2010-06-10'	'19시~20시까지'	'324985'	'536753'	'경기도 성남시 하대원동'	'맑음'	'42'	'20'	'10'	'10'	'26'	'36'	'56'	'44'	'28'	'30'
'3277'	'한림학원'	'주말'	'2010-06-13'	'12시~13시까지'	'324985'	'536753'	'경기도 성남시 하대원동'	'비'	'4'	'24'	'18'	'54'	'48'	'2'	'60'	'108'	'42'	'48'
'3277'	'한림학원'	'주말'	'2010-06-13'	'19시~20시까지'	'324985'	'536753'	'경기도 성남시 하대원동'	'비'	'60'	'42'	'18'	'68'	'64'	'60'	'24'	'116'	'24'	'66'
'3280'	'제일치과'	'주중'	'2010-06-16'	'12시~13시까지'	'325729'	'537505'	'경기도 성남시 상대원2동'	'비'	'18'	'36'	'24'	'12'	'72'	'4'	'24'	'78'	'120'	'198'
'3280'	'제일치과'	'주중'	'2010-06-16'	'19시~20시까지'	'325729'	'537505'	'경기도 성남시 상대원2동'	'비'	'66'	'84'	'42'	'12'	'108'	'102'	'72'	'90'	'168'	'246'
'3280'	'제일치과'	'주말'	'2010-06-19'	'12시~13시까지'	'325729'	'537505'	'경기도 성남시 상대원2동'	'비'	'86'	'36'	'38'	'24'	'88'	'24'	'42'	'40'	'50'	'188'
'3280'	'제일치과'	'주말'	'2010-06-19'	'19시~20시까지'	'325729'	'537505'	'경기도 성남시 상대원2동'	'비'	'140'	'54'	'48'	'46'	'108'	'96'	'72'	'48'	'130'	'116'
'3281'	'로마니나제과점'	'주중'	'2010-06-16'	'12시~13시까지'	'325682'	'537476'	'경기도 성남시 상대원2동'	'비'	'48'	'66'	'72'	'42'	'126'	'6'	'78'	'222'	'108'	'120'
'3281'	'로마니나제과점'	'주중'	'2010-06-16'	'19시~20시까지'	'325682'	'537476'	'경기도 성남시 상대원2동'	'비'	'60'	'102'	'24'	'26'	'54'	'30'	'108'	'116'	'120'	'138'
'3281'	'로마니나제과점'	'주말'	'2010-06-19'	'12시~13시까지'	'325682'	'537476'	'경기도 성남시 상대원2동'	'비'	'66'	'84'	'30'	'30'	'54'	'60'	'84'	'98'	'54'	'122'
'3281'	'로마니나제과점'	'주말'	'2010-06-19'	'19시~20시까지'	'325682'	'537476'	'경기도 성남시 상대원2동'	'비'	'78'	'60'	'30'	'42'	'68'	'54'	'104'	'120'	'36'	'108'
'3283'	'이성범베이커리'	'주중'	'2010-06-17'	'12시~13시까지'	'326232'	'538055'	'경기도 성남시 금광1동'	'흐림'	'42'	'18'	'12'	'24'	'66'	'18'	'30'	'48'	'52'	'86'
'3283'	'이성범베이커리'	'주중'	'2010-06-17'	'19시~20시까지'	'326232'	'538055'	'경기도 성남시 금광1동'	'흐림'	'30'	'12'	'36'	'90'	'90'	'24'	'90'	'62'	'72'	'78'
'3283'	'이성범베이커리'	'주말'	'2010-06-20'	'12시~13시까지'	'326232'	'538055'	'경기도 성남시 금광1동'	'비'	'48'	'66'	'24'	'22'	'36'	'36'	'46'	'62'	'40'	'30'
'3283'	'이성범베이커리'	'주말'	'2010-06-20'	'19시~20시까지'	'326232'	'538055'	'경기도 성남시 금광1동'	'비'	'96'	'86'	'48'	'54'	'122'	'38'	'60'	'60'	'74'	'78'
'3285'	'대명M클래스학원'	'주중'	'2010-06-17'	'12시~13시까지'	'326381'	'538138'	'경기도 성남시 금광1동'	'흐림'	'78'	'12'	'36'	'18'	'78'	'18'	'24'	'92'	'42'	'44'
'3285'	'대명M클래스학원'	'주중'	'2010-06-17'	'19시~20시까지'	'326381'	'538138'	'경기도 성남시 금광1동'	'흐림'	'104'	'30'	'24'	'56'	'60'	'120'	'30'	'36'	'42'	'90'
'3285'	'대명M클래스학원'	'주말'	'2010-06-20'	'12시~13시까지'	'326381'	'538138'	'경기도 성남시 금광1동'	'비'	'68'	'36'	'54'	'24'	'86'	'30'	'18'	'54'	'108'	'86'
'3285'	'대명M클래스학원'	'주말'	'2010-06-20'	'19시~20시까지'	'326381'	'538138'	'경기도 성남시 금광1동'	'비'	'48'	'102'	'108'	'72'	'42'	'48'	'42'	'54'	'24'	'24'
'3286'	'은혜부동산'	'주중'	'2010-06-23'	'12시~13시까지'	'326659'	'538098'	'경기도 성남시 금광1동'	'맑음'	'36'	'12'	'18'	'6'	'162'	'90'	'6'	'72'	'96'	'152'
'3286'	'은혜부동산'	'주중'	'2010-06-23'	'19시~20시까지'	'326659'	'538098'	'경기도 성남시 금광1동'	'맑음'	'122'	'54'	'36'	'62'	'168'	'102'	'24'	'98'	'114'	'198'
'3286'	'은혜부동산'	'주말'	'2010-06-26'	'12시~13시까지'	'326659'	'538098'	'경기도 성남시 금광1동'	'비'	'48'	'60'	'18'	'36'	'158'	'42'	'72'	'54'	'40'	'108'
'3286'	'은혜부동산'	'주말'	'2010-06-26'	'19시~20시까지'	'326659'	'538098'	'경기도 성남시 금광1동'	'비'	'48'	'60'	'30'	'12'	'98'	'24'	'60'	'78'	'60'	'150'
'3288'	'우리약국'	'주중'	'2010-06-23'	'12시~13시까지'	'326586'	'538138'	'경기도 성남시 금광1동'	'맑음'	'36'	'12'	'18'	'42'	'52'	'98'	'36'	'76'	'60'	'62'
'3288'	'우리약국'	'주중'	'2010-06-23'	'19시~20시까지'	'326586'	'538138'	'경기도 성남시 금광1동'	'맑음'	'120'	'48'	'30'	'36'	'108'	'92'	'60'	'112'	'124'	'100'
'3288'	'우리약국'	'주말'	'2010-06-26'	'12시~13시까지'	'326586'	'538138'	'경기도 성남시 금광1동'	'비'	'24'	'30'	'30'	'36'	'80'	'24'	'96'	'90'	'30'	'102'
'3288'	'우리약국'	'주말'	'2010-06-26'	'19시~20시까지'	'326586'	'538138'	'경기도 성남시 금광1동'	'비'	'30'	'30'	'24'	'36'	'108'	'36'	'54'	'66'	'84'	'122'
'3291'	'메디컬약국'	'주중'	'2010-07-21'	'12시~13시까지'	'326406'	'539070'	'경기도 성남시 은행1동'	'맑음'	'192'	'8'	'18'	'12'	'86'	'210'	'4'	'174'	'72'	'92'
'3291'	'메디컬약국'	'주중'	'2010-07-21'	'19시~20시까지'	'326406'	'539070'	'경기도 성남시 은행1동'	'맑음'	'78'	'72'	'36'	'12'	'102'	'114'	'36'	'120'	'98'	'42'
'3291'	'메디컬약국'	'주말'	'2010-07-24'	'12시~13시까지'	'326406'	'539070'	'경기도 성남시 은행1동'	'비'	'84'	'42'	'48'	'42'	'72'	'90'	'78'	'54'	'40'	'92'
'3291'	'메디컬약국'	'주말'	'2010-07-24'	'19시~20시까지'	'326406'	'539070'	'경기도 성남시 은행1동'	'비'	'170'	'80'	'102'	'86'	'60'	'128'	'140'	'104'	'80'	'58'
'3292'	'한국유통앞'	'주중'	'2010-07-21'	'12시~13시까지'	'326658'	'539156'	'경기도 성남시 은행1동'	'맑음'	'48'	'12'	'10'	'24'	'48'	'94'	'10'	'76'	'52'	'98'
'3292'	'한국유통앞'	'주중'	'2010-07-21'	'19시~20시까지'	'326658'	'539156'	'경기도 성남시 은행1동'	'맑음'	'46'	'84'	'26'	'28'	'48'	'124'	'18'	'128'	'10'	'46'
'3292'	'한국유통앞'	'주말'	'2010-07-24'	'12시~13시까지'	'326658'	'539156'	'경기도 성남시 은행1동'	'비'	'36'	'30'	'36'	'42'	'32'	'44'	'12'	'56'	'36'	'38'
'3292'	'한국유통앞'	'주말'	'2010-07-24'	'19시~20시까지'	'326658'	'539156'	'경기도 성남시 은행1동'	'비'	'60'	'48'	'70'	'80'	'30'	'86'	'52'	'106'	'80'	'64'
'3296'	'바이더웨이'	'주중'	'2010-07-15'	'12시~13시까지'	'326035'	'538476'	'경기도 성남시 금광1동'	'맑음'	'6'	'40'	'4'	'10'	'6'	'80'	'46'	'12'	'12'	'14'
'3296'	'바이더웨이'	'주중'	'2010-07-15'	'19시~20시까지'	'326035'	'538476'	'경기도 성남시 금광1동'	'맑음'	'36'	'20'	'8'	'12'	'8'	'50'	'30'	'8'	'2'	'22'
'3296'	'바이더웨이'	'주말'	'2010-07-18'	'12시~13시까지'	'326035'	'538476'	'경기도 성남시 금광1동'	'비'	'96'	'72'	'24'	'36'	'102'	'72'	'114'	'92'	'54'	'86'
'3296'	'바이더웨이'	'주말'	'2010-07-18'	'19시~20시까지'	'326035'	'538476'	'경기도 성남시 금광1동'	'비'	'74'	'122'	'98'	'108'	'66'	'64'	'164'	'60'	'42'	'100'
'3297'	'SHOW신구대리점'	'주중'	'2010-07-15'	'12시~13시까지'	'326501'	'538630'	'경기도 성남시 금광동'	'맑음'	'24'	'64'	'42'	'36'	'64'	'66'	'86'	'108'	'36'	'48'
'3297'	'SHOW신구대리점'	'주중'	'2010-07-15'	'19시~20시까지'	'326501'	'538630'	'경기도 성남시 금광동'	'맑음'	'68'	'126'	'78'	'48'	'46'	'36'	'164'	'146'	'28'	'62'
'3297'	'SHOW신구대리점'	'주말'	'2010-07-18'	'12시~13시까지'	'326501'	'538630'	'경기도 성남시 금광동'	'비'	'86'	'60'	'60'	'4'	'20'	'56'	'68'	'60'	'18'	'12'
'3297'	'SHOW신구대리점'	'주말'	'2010-07-18'	'19시~20시까지'	'326501'	'538630'	'경기도 성남시 금광동'	'비'	'42'	'146'	'36'	'12'	'30'	'12'	'128'	'42'	'30'	'108'
'3303'	'3번출구'	'주중'	'2010-06-30'	'12시~13시까지'	'325852'	'539197'	'경기도 성남시 단대동'	'비'	'0'	'6'	'12'	'6'	'16'	'0'	'10'	'20'	'14'	'26'
'3303'	'3번출구'	'주중'	'2010-06-30'	'19시~20시까지'	'325852'	'539197'	'경기도 성남시 단대동'	'비'	'68'	'60'	'30'	'48'	'92'	'16'	'104'	'78'	'48'	'46'
'3303'	'3번출구'	'주말'	'2010-07-03'	'12시~13시까지'	'325852'	'539197'	'경기도 성남시 단대동'	'비'	'42'	'40'	'12'	'6'	'30'	'26'	'68'	'4'	'28'	'30'
'3303'	'3번출구'	'주말'	'2010-07-03'	'19시~20시까지'	'325852'	'539197'	'경기도 성남시 단대동'	'비'	'38'	'74'	'12'	'38'	'42'	'60'	'104'	'50'	'20'	'50'
'3307'	'바이더웨이'	'주중'	'2010-06-30'	'12시~13시까지'	'325798'	'539077'	'경기도 성남시 단대동'	'비'	'0'	'24'	'36'	'68'	'86'	'0'	'38'	'36'	'62'	'54'
'3307'	'바이더웨이'	'주중'	'2010-06-30'	'19시~20시까지'	'325798'	'539077'	'경기도 성남시 단대동'	'비'	'26'	'86'	'116'	'104'	'134'	'8'	'248'	'116'	'74'	'84'
'3307'	'바이더웨이'	'주말'	'2010-07-03'	'12시~13시까지'	'325798'	'539077'	'경기도 성남시 단대동'	'비'	'6'	'36'	'30'	'48'	'66'	'12'	'48'	'36'	'30'	'72'
'3307'	'바이더웨이'	'주말'	'2010-07-03'	'19시~20시까지'	'325798'	'539077'	'경기도 성남시 단대동'	'비'	'24'	'18'	'54'	'42'	'48'	'12'	'12'	'12'	'54'	'68'
'3451'	'보노과자점'	'주중'	'2010-05-27'	'12시~13시까지'	'321858'	'526589'	'경기도 성남시 구미동'	'맑음'	'78'	'6'	'30'	'36'	'18'	'72'	'72'	'102'	'108'	'60'
'3451'	'보노과자점'	'주중'	'2010-05-27'	'19시~20시까지'	'321858'	'526589'	'경기도 성남시 구미동'	'맑음'	'80'	'20'	'60'	'64'	'8'	'76'	'90'	'84'	'80'	'40'
'3451'	'보노과자점'	'주말'	'2010-05-29'	'12시~13시까지'	'321858'	'526589'	'경기도 성남시 구미동'	'맑음'	'130'	'70'	'32'	'56'	'76'	'108'	'52'	'126'	'134'	'108'
'3451'	'보노과자점'	'주말'	'2010-05-29'	'19시~20시까지'	'321858'	'526589'	'경기도 성남시 구미동'	'맑음'	'84'	'24'	'54'	'72'	'48'	'36'	'24'	'18'	'84'	'46'
'3454'	'한국화훼농협'	'주중'	'2010-05-27'	'12시~13시까지'	'321899'	'526446'	'경기도 성남시 구미동'	'맑음'	'18'	'48'	'30'	'12'	'54'	'24'	'18'	'90'	'52'	'108'
'3454'	'한국화훼농협'	'주중'	'2010-05-27'	'19시~20시까지'	'321899'	'526446'	'경기도 성남시 구미동'	'맑음'	'30'	'60'	'68'	'56'	'38'	'46'	'50'	'122'	'60'	'84'
'3454'	'한국화훼농협'	'주말'	'2010-05-29'	'12시~13시까지'	'321899'	'526446'	'경기도 성남시 구미동'	'맑음'	'88'	'104'	'48'	'56'	'32'	'74'	'32'	'118'	'124'	'64'
'3454'	'한국화훼농협'	'주말'	'2010-05-29'	'19시~20시까지'	'321899'	'526446'	'경기도 성남시 구미동'	'맑음'	'26'	'120'	'48'	'52'	'134'	'36'	'98'	'60'	'74'	'24'
'3458'	'건영공인중개사'	'주중'	'2010-05-28'	'12시~13시까지'	'322427'	'534053'	'경기도 성남시 야탑3동'	'맑음'	'0'	'40'	'60'	'48'	'130'	'0'	'50'	'108'	'62'	'188'
'3458'	'건영공인중개사'	'주중'	'2010-05-28'	'19시~20시까지'	'322427'	'534053'	'경기도 성남시 야탑3동'	'맑음'	'168'	'48'	'68'	'30'	'84'	'226'	'76'	'122'	'56'	'124'
'3458'	'건영공인중개사'	'주말'	'2010-05-30'	'12시~13시까지'	'322427'	'534053'	'경기도 성남시 야탑3동'	'맑음'	'42'	'48'	'120'	'48'	'196'	'46'	'36'	'122'	'78'	'76'
'3458'	'건영공인중개사'	'주말'	'2010-05-30'	'19시~20시까지'	'322427'	'534053'	'경기도 성남시 야탑3동'	'맑음'	'164'	'18'	'66'	'24'	'114'	'36'	'78'	'92'	'122'	'84'
'3460'	'한국부동산'	'주중'	'2010-05-28'	'12시~13시까지'	'322430'	'534088'	'경기도 성남시 야탑3동'	'맑음'	'0'	'36'	'28'	'42'	'112'	'0'	'82'	'128'	'60'	'88'
'3460'	'한국부동산'	'주중'	'2010-05-28'	'19시~20시까지'	'322430'	'534088'	'경기도 성남시 야탑3동'	'맑음'	'186'	'74'	'68'	'38'	'68'	'248'	'106'	'92'	'52'	'72'
'3460'	'한국부동산'	'주말'	'2010-05-30'	'12시~13시까지'	'322430'	'534088'	'경기도 성남시 야탑3동'	'맑음'	'12'	'18'	'16'	'52'	'84'	'18'	'88'	'104'	'36'	'54'
'3460'	'한국부동산'	'주말'	'2010-05-30'	'19시~20시까지'	'322430'	'534088'	'경기도 성남시 야탑3동'	'맑음'	'96'	'30'	'36'	'54'	'66'	'48'	'52'	'54'	'24'	'68'
'3462'	'코코샌드위치전문점'	'주중'	'2010-06-10'	'12시~13시까지'	'322460'	'530200'	'경기도 성남시 수내동'	'맑음'	'0'	'30'	'10'	'6'	'32'	'0'	'18'	'42'	'28'	'38'
'3462'	'코코샌드위치전문점'	'주중'	'2010-06-10'	'19시~20시까지'	'322460'	'530200'	'경기도 성남시 수내동'	'맑음'	'184'	'52'	'34'	'30'	'64'	'126'	'60'	'50'	'60'	'52'
'3462'	'코코샌드위치전문점'	'주말'	'2010-06-13'	'12시~13시까지'	'322460'	'530200'	'경기도 성남시 수내동'	'비'	'174'	'24'	'6'	'4'	'26'	'116'	'18'	'48'	'34'	'14'
'3462'	'코코샌드위치전문점'	'주말'	'2010-06-13'	'19시~20시까지'	'322460'	'530200'	'경기도 성남시 수내동'	'비'	'180'	'48'	'30'	'24'	'68'	'48'	'46'	'52'	'86'	'36'
'3463'	'GS25'	'주중'	'2010-06-10'	'12시~13시까지'	'322558'	'530083'	'경기도 성남시 정자2동'	'맑음'	'0'	'26'	'14'	'16'	'42'	'0'	'20'	'56'	'38'	'52'
'3463'	'GS25'	'주중'	'2010-06-10'	'19시~20시까지'	'322558'	'530083'	'경기도 성남시 정자2동'	'맑음'	'104'	'58'	'62'	'52'	'48'	'124'	'60'	'84'	'114'	'64'
'3463'	'GS25'	'주말'	'2010-06-13'	'12시~13시까지'	'322558'	'530083'	'경기도 성남시 정자2동'	'비'	'48'	'18'	'30'	'66'	'42'	'54'	'24'	'122'	'48'	'50'
'3463'	'GS25'	'주말'	'2010-06-13'	'19시~20시까지'	'322558'	'530083'	'경기도 성남시 정자2동'	'비'	'84'	'30'	'24'	'68'	'54'	'58'	'90'	'84'	'60'	'24'
'3465'	'우리은행'	'주중'	'2010-05-27'	'12시~13시까지'	'322224'	'530587'	'경기도 성남시 수내동'	'맑음'	'0'	'60'	'64'	'60'	'104'	'0'	'62'	'92'	'78'	'128'
'3465'	'우리은행'	'주중'	'2010-05-27'	'19시~20시까지'	'322224'	'530587'	'경기도 성남시 수내동'	'맑음'	'204'	'64'	'80'	'68'	'90'	'242'	'84'	'124'	'86'	'104'
'3465'	'우리은행'	'주말'	'2010-05-29'	'12시~13시까지'	'322224'	'530587'	'경기도 성남시 수내동'	'맑음'	'198'	'54'	'28'	'24'	'120'	'262'	'102'	'168'	'90'	'192'
'3465'	'우리은행'	'주말'	'2010-05-29'	'19시~20시까지'	'322224'	'530587'	'경기도 성남시 수내동'	'맑음'	'66'	'80'	'62'	'38'	'26'	'88'	'46'	'92'	'38'	'48'
'3467'	'던킨도너츠'	'주중'	'2010-05-27'	'12시~13시까지'	'322244'	'530562'	'경기도 성남시 수내동'	'맑음'	'0'	'60'	'26'	'30'	'60'	'0'	'46'	'108'	'84'	'104'
'3467'	'던킨도너츠'	'주중'	'2010-05-27'	'19시~20시까지'	'322244'	'530562'	'경기도 성남시 수내동'	'맑음'	'220'	'116'	'80'	'68'	'40'	'268'	'84'	'100'	'64'	'72'
'3467'	'던킨도너츠'	'주말'	'2010-05-29'	'12시~13시까지'	'322244'	'530562'	'경기도 성남시 수내동'	'맑음'	'48'	'72'	'24'	'26'	'36'	'80'	'78'	'62'	'62'	'48'
'3467'	'던킨도너츠'	'주말'	'2010-05-29'	'19시~20시까지'	'322244'	'530562'	'경기도 성남시 수내동'	'맑음'	'98'	'122'	'66'	'36'	'18'	'6'	'62'	'64'	'24'	'36'
'3471'	'떡기볶기'	'주중'	'2010-06-03'	'12시~13시까지'	'321046'	'529659'	'경기도 성남시 정자1동'	'맑음'	'0'	'90'	'150'	'80'	'48'	'0'	'120'	'36'	'54'	'30'
'3471'	'떡기볶기'	'주중'	'2010-06-03'	'19시~20시까지'	'321046'	'529659'	'경기도 성남시 정자1동'	'맑음'	'0'	'154'	'256'	'136'	'82'	'0'	'204'	'62'	'92'	'52'
'3471'	'떡기볶기'	'주말'	'2010-06-06'	'12시~13시까지'	'321046'	'529659'	'경기도 성남시 정자1동'	'맑음'	'12'	'60'	'122'	'114'	'86'	'30'	'102'	'108'	'72'	'70'
'3471'	'떡기볶기'	'주말'	'2010-06-06'	'19시~20시까지'	'321046'	'529659'	'경기도 성남시 정자1동'	'맑음'	'54'	'144'	'286'	'60'	'12'	'26'	'240'	'102'	'24'	'22'
'3475'	'훼미리마트'	'주중'	'2010-06-03'	'12시~13시까지'	'321143'	'529648'	'경기도 성남시 정자1동'	'맑음'	'0'	'138'	'314'	'152'	'60'	'0'	'138'	'84'	'80'	'10'
'3475'	'훼미리마트'	'주중'	'2010-06-03'	'19시~20시까지'	'321143'	'529648'	'경기도 성남시 정자1동'	'맑음'	'12'	'236'	'368'	'258'	'102'	'18'	'240'	'142'	'136'	'18'
'3475'	'훼미리마트'	'주말'	'2010-06-06'	'12시~13시까지'	'321143'	'529648'	'경기도 성남시 정자1동'	'맑음'	'18'	'92'	'126'	'36'	'134'	'24'	'164'	'140'	'36'	'24'
'3475'	'훼미리마트'	'주말'	'2010-06-06'	'19시~20시까지'	'321143'	'529648'	'경기도 성남시 정자1동'	'맑음'	'6'	'102'	'144'	'108'	'12'	'12'	'210'	'96'	'42'	'24'
'5123'	'교촌치킨'	'주중'	'2010-07-07'	'19시~20시까지'	'324597'	'538822'	'경기도 성남시 신흥동'	'맑음'	'18'	'52'	'20'	'26'	'36'	'46'	'44'	'36'	'16'	'28'
'5112'	'STEP'	'주중'	'2010-06-02'	'12시~13시까지'	'321210'	'527963'	'경기도 성남시 구미1동'	'맑음'	'84'	'138'	'74'	'54'	'134'	'78'	'206'	'378'	'128'	'84'
'5112'	'STEP'	'주중'	'2010-06-02'	'19시~20시까지'	'321210'	'527963'	'경기도 성남시 구미1동'	'맑음'	'126'	'236'	'102'	'104'	'66'	'192'	'558'	'304'	'156'	'132'
'5112'	'STEP'	'주말'	'2010-06-05'	'12시~13시까지'	'321210'	'527963'	'경기도 성남시 구미1동'	'맑음'	'336'	'266'	'174'	'126'	'348'	'780'	'462'	'406'	'262'	'406'
'5112'	'STEP'	'주말'	'2010-06-05'	'19시~20시까지'	'321210'	'527963'	'경기도 성남시 구미1동'	'맑음'	'66'	'174'	'116'	'120'	'90'	'86'	'300'	'180'	'104'	'96'
'5113'	'바이더웨이'	'주중'	'2010-06-02'	'12시~13시까지'	'321282'	'527953'	'경기도 성남시 구미1동'	'맑음'	'102'	'138'	'96'	'42'	'78'	'36'	'234'	'306'	'124'	'134'
'5113'	'바이더웨이'	'주중'	'2010-06-02'	'19시~20시까지'	'321282'	'527953'	'경기도 성남시 구미1동'	'맑음'	'66'	'360'	'288'	'162'	'102'	'12'	'456'	'300'	'150'	'86'
'5113'	'바이더웨이'	'주말'	'2010-06-05'	'12시~13시까지'	'321282'	'527953'	'경기도 성남시 구미1동'	'맑음'	'312'	'246'	'294'	'228'	'174'	'874'	'546'	'504'	'258'	'186'
'5113'	'바이더웨이'	'주말'	'2010-06-05'	'19시~20시까지'	'321282'	'527953'	'경기도 성남시 구미1동'	'맑음'	'116'	'300'	'258'	'220'	'96'	'202'	'552'	'336'	'168'	'246'
'5114'	'GS25'	'주중'	'2010-06-09'	'12시~13시까지'	'321149'	'529788'	'경기도 성남시 정자1동'	'맑음'	'0'	'96'	'240'	'80'	'24'	'0'	'158'	'130'	'36'	'10'
'5114'	'GS25'	'주중'	'2010-06-09'	'19시~20시까지'	'321149'	'529788'	'경기도 성남시 정자1동'	'맑음'	'0'	'98'	'48'	'104'	'36'	'0'	'102'	'144'	'30'	'38'
'5114'	'GS25'	'주말'	'2010-06-12'	'12시~13시까지'	'321149'	'529788'	'경기도 성남시 정자1동'	'비'	'54'	'90'	'156'	'54'	'150'	'52'	'80'	'90'	'48'	'68'
'5114'	'GS25'	'주말'	'2010-06-12'	'19시~20시까지'	'321149'	'529788'	'경기도 성남시 정자1동'	'비'	'6'	'48'	'60'	'48'	'30'	'12'	'78'	'60'	'16'	'36'
'5115'	'우체국'	'주중'	'2010-06-09'	'12시~13시까지'	'321037'	'529911'	'경기도 성남시 정자1동'	'맑음'	'0'	'168'	'424'	'254'	'36'	'12'	'320'	'174'	'68'	'18'
'5115'	'우체국'	'주중'	'2010-06-09'	'19시~20시까지'	'321037'	'529911'	'경기도 성남시 정자1동'	'맑음'	'0'	'108'	'156'	'108'	'42'	'12'	'168'	'78'	'12'	'10'
'5115'	'우체국'	'주말'	'2010-06-12'	'12시~13시까지'	'321037'	'529911'	'경기도 성남시 정자1동'	'비'	'72'	'132'	'66'	'30'	'32'	'30'	'134'	'138'	'36'	'20'
'5115'	'우체국'	'주말'	'2010-06-12'	'19시~20시까지'	'321037'	'529911'	'경기도 성남시 정자1동'	'비'	'0'	'36'	'72'	'48'	'20'	'0'	'86'	'48'	'20'	'6'
'5116'	'4번출구'	'주중'	'2010-06-02'	'12시~13시까지'	'323029'	'534805'	'경기도 성남시 야탑1동'	'맑음'	'18'	'300'	'96'	'258'	'236'	'108'	'270'	'360'	'272'	'224'
'5116'	'4번출구'	'주중'	'2010-06-02'	'19시~20시까지'	'323029'	'534805'	'경기도 성남시 야탑1동'	'맑음'	'42'	'390'	'272'	'248'	'42'	'42'	'774'	'348'	'60'	'24'
'5116'	'4번출구'	'주말'	'2010-06-05'	'12시~13시까지'	'323029'	'534805'	'경기도 성남시 야탑1동'	'맑음'	'472'	'216'	'264'	'208'	'630'	'302'	'326'	'394'	'114'	'166'
'5116'	'4번출구'	'주말'	'2010-06-05'	'19시~20시까지'	'323029'	'534805'	'경기도 성남시 야탑1동'	'맑음'	'116'	'710'	'204'	'98'	'438'	'282'	'1136'	'432'	'276'	'510'
'5117'	'1번출구'	'주중'	'2010-06-02'	'12시~13시까지'	'323099'	'534796'	'경기도 성남시 야탑1동'	'맑음'	'228'	'162'	'54'	'62'	'146'	'312'	'318'	'186'	'144'	'204'
'5117'	'1번출구'	'주중'	'2010-06-02'	'19시~20시까지'	'323099'	'534796'	'경기도 성남시 야탑1동'	'맑음'	'48'	'462'	'198'	'72'	'66'	'36'	'438'	'336'	'54'	'102'
'5117'	'1번출구'	'주말'	'2010-06-05'	'12시~13시까지'	'323099'	'534796'	'경기도 성남시 야탑1동'	'맑음'	'184'	'296'	'58'	'224'	'152'	'288'	'416'	'202'	'104'	'274'
'5117'	'1번출구'	'주말'	'2010-06-05'	'19시~20시까지'	'323099'	'534796'	'경기도 성남시 야탑1동'	'맑음'	'80'	'296'	'328'	'162'	'184'	'168'	'482'	'362'	'266'	'164'
'5118'	'경희유치원'	'주중'	'2010-06-24'	'12시~13시까지'	'323516'	'538549'	'경기도 성남시 태평3동'	'맑음'	'78'	'14'	'10'	'20'	'90'	'84'	'20'	'60'	'26'	'104'
'5118'	'경희유치원'	'주중'	'2010-06-24'	'19시~20시까지'	'323516'	'538549'	'경기도 성남시 태평3동'	'맑음'	'26'	'10'	'42'	'56'	'46'	'12'	'36'	'58'	'12'	'28'
'5118'	'경희유치원'	'주말'	'2010-06-27'	'12시~13시까지'	'323516'	'538549'	'경기도 성남시 태평3동'	'비'	'68'	'6'	'36'	'6'	'126'	'30'	'36'	'60'	'78'	'104'
'5118'	'경희유치원'	'주말'	'2010-06-27'	'19시~20시까지'	'323516'	'538549'	'경기도 성남시 태평3동'	'비'	'42'	'54'	'26'	'36'	'72'	'32'	'68'	'92'	'54'	'62'
'5119'	'새로운약국'	'주중'	'2010-06-24'	'12시~13시까지'	'323609'	'538587'	'경기도 성남시 태평3동'	'맑음'	'20'	'16'	'6'	'12'	'20'	'22'	'26'	'14'	'18'	'22'
'5119'	'새로운약국'	'주중'	'2010-06-24'	'19시~20시까지'	'323609'	'538587'	'경기도 성남시 태평3동'	'맑음'	'36'	'60'	'20'	'30'	'48'	'62'	'74'	'48'	'54'	'62'
'5119'	'새로운약국'	'주말'	'2010-06-27'	'12시~13시까지'	'323609'	'538587'	'경기도 성남시 태평3동'	'비'	'68'	'6'	'36'	'6'	'126'	'30'	'36'	'60'	'78'	'104'
'5119'	'새로운약국'	'주말'	'2010-06-27'	'19시~20시까지'	'323609'	'538587'	'경기도 성남시 태평3동'	'비'	'42'	'54'	'26'	'36'	'72'	'32'	'68'	'92'	'54'	'62'
'5120'	'불로초약국'	'주중'	'2010-07-01'	'12시~13시까지'	'324169'	'538277'	'경기도 성남시 신흥1동'	'흐림'	'12'	'84'	'30'	'32'	'86'	'10'	'98'	'140'	'120'	'120'
'5120'	'불로초약국'	'주중'	'2010-07-01'	'19시~20시까지'	'324169'	'538277'	'경기도 성남시 신흥1동'	'흐림'	'26'	'190'	'90'	'48'	'30'	'146'	'224'	'156'	'86'	'80'
'5120'	'불로초약국'	'주말'	'2010-07-04'	'12시~13시까지'	'324169'	'538277'	'경기도 성남시 신흥1동'	'맑음'	'54'	'56'	'58'	'60'	'136'	'30'	'92'	'146'	'86'	'170'
'5120'	'불로초약국'	'주말'	'2010-07-04'	'19시~20시까지'	'324169'	'538277'	'경기도 성남시 신흥1동'	'맑음'	'12'	'186'	'36'	'44'	'90'	'168'	'258'	'116'	'152'	'180'
'5121'	'미니스탑'	'주중'	'2010-07-01'	'12시~13시까지'	'324013'	'538227'	'경기도 성남시 신흥1동'	'흐림'	'12'	'80'	'60'	'40'	'172'	'8'	'86'	'130'	'96'	'112'
'5121'	'미니스탑'	'주중'	'2010-07-01'	'19시~20시까지'	'324013'	'538227'	'경기도 성남시 신흥1동'	'흐림'	'72'	'186'	'132'	'72'	'60'	'30'	'228'	'124'	'98'	'48'
'5121'	'미니스탑'	'주말'	'2010-07-04'	'12시~13시까지'	'324013'	'538227'	'경기도 성남시 신흥1동'	'맑음'	'92'	'36'	'36'	'42'	'144'	'36'	'48'	'86'	'92'	'164'
'5121'	'미니스탑'	'주말'	'2010-07-04'	'19시~20시까지'	'324013'	'538227'	'경기도 성남시 신흥1동'	'맑음'	'42'	'60'	'66'	'20'	'78'	'42'	'80'	'134'	'78'	'146'
'5122'	'파리바게뜨'	'주중'	'2010-07-07'	'12시~13시까지'	'324709'	'539025'	'경기도 성남시 신흥2동'	'맑음'	'18'	'66'	'20'	'26'	'72'	'36'	'90'	'98'	'70'	'104'
'5122'	'파리바게뜨'	'주중'	'2010-07-07'	'19시~20시까지'	'324709'	'539025'	'경기도 성남시 신흥2동'	'맑음'	'120'	'152'	'116'	'72'	'60'	'72'	'98'	'152'	'48'	'60'
'5122'	'파리바게뜨'	'주말'	'2010-07-10'	'12시~13시까지'	'324709'	'539025'	'경기도 성남시 신흥2동'	'맑음'	'30'	'56'	'42'	'30'	'60'	'12'	'68'	'116'	'54'	'72'
'5122'	'파리바게뜨'	'주말'	'2010-07-10'	'19시~20시까지'	'324709'	'539025'	'경기도 성남시 신흥2동'	'맑음'	'66'	'126'	'30'	'42'	'30'	'86'	'116'	'104'	'42'	'98'
'5123'	'교촌치킨'	'주중'	'2010-07-07'	'12시~13시까지'	'324597'	'538822'	'경기도 성남시 신흥동'	'맑음'	'18'	'30'	'6'	'18'	'38'	'30'	'36'	'68'	'20'	'32'
'5123'	'교촌치킨'	'주말'	'2010-07-10'	'12시~13시까지'	'324597'	'538822'	'경기도 성남시 신흥동'	'맑음'	'6'	'56'	'30'	'26'	'42'	'12'	'48'	'18'	'38'	'66'
'5123'	'교촌치킨'	'주말'	'2010-07-10'	'19시~20시까지'	'324597'	'538822'	'경기도 성남시 신흥동'	'맑음'	'36'	'30'	'18'	'36'	'60'	'26'	'36'	'38'	'12'	'38'
'5124'	'신세계안경백화점'	'주중'	'2010-07-08'	'12시~13시까지'	'324989'	'539585'	'경기도 성남시 산성동'	'비'	'0'	'116'	'18'	'36'	'66'	'44'	'120'	'32'	'42'	'60'
'5124'	'신세계안경백화점'	'주중'	'2010-07-08'	'19시~20시까지'	'324989'	'539585'	'경기도 성남시 산성동'	'비'	'46'	'146'	'26'	'78'	'80'	'56'	'156'	'86'	'38'	'50'
'5124'	'신세계안경백화점'	'주말'	'2010-07-11'	'12시~13시까지'	'324989'	'539585'	'경기도 성남시 산성동'	'비'	'36'	'90'	'42'	'30'	'92'	'54'	'86'	'126'	'54'	'182'
'5124'	'신세계안경백화점'	'주말'	'2010-07-11'	'19시~20시까지'	'324989'	'539585'	'경기도 성남시 산성동'	'비'	'68'	'168'	'72'	'66'	'96'	'30'	'174'	'104'	'72'	'106'
'5125'	'로마니나제과점'	'주중'	'2010-07-08'	'12시~13시까지'	'324982'	'539467'	'경기도 성남시 산성동'	'비'	'0'	'70'	'40'	'52'	'112'	'0'	'40'	'120'	'80'	'116'
'5125'	'로마니나제과점'	'주중'	'2010-07-08'	'19시~20시까지'	'324982'	'539467'	'경기도 성남시 산성동'	'비'	'12'	'136'	'72'	'86'	'54'	'48'	'66'	'104'	'48'	'42'
'5125'	'로마니나제과점'	'주말'	'2010-07-11'	'12시~13시까지'	'324982'	'539467'	'경기도 성남시 산성동'	'비'	'78'	'66'	'26'	'44'	'138'	'48'	'104'	'36'	'44'	'108'
'5125'	'로마니나제과점'	'주말'	'2010-07-11'	'19시~20시까지'	'324982'	'539467'	'경기도 성남시 산성동'	'비'	'134'	'48'	'54'	'36'	'114'	'48'	'86'	'104'	'48'	'104'
'5126'	'은행시장약국'	'주중'	'2010-07-14'	'12시~13시까지'	'326248'	'539817'	'경기도 성남시 양지동'	'맑음'	'90'	'30'	'32'	'36'	'86'	'12'	'26'	'36'	'68'	'120'
'5126'	'은행시장약국'	'주중'	'2010-07-14'	'19시~20시까지'	'326248'	'539817'	'경기도 성남시 양지동'	'맑음'	'36'	'108'	'104'	'74'	'40'	'50'	'96'	'86'	'80'	'88'
'5126'	'은행시장약국'	'주말'	'2010-07-17'	'12시~13시까지'	'326248'	'539817'	'경기도 성남시 양지동'	'비'	'36'	'156'	'72'	'54'	'272'	'134'	'210'	'258'	'108'	'262'
'5126'	'은행시장약국'	'주말'	'2010-07-17'	'19시~20시까지'	'326248'	'539817'	'경기도 성남시 양지동'	'비'	'66'	'194'	'134'	'126'	'212'	'236'	'206'	'248'	'186'	'272'
'5127'	'세븐일레븐'	'주중'	'2010-07-14'	'12시~13시까지'	'325950'	'539483'	'경기도 성남시 단대동'	'맑음'	'80'	'66'	'96'	'90'	'54'	'48'	'126'	'120'	'42'	'140'
'5127'	'세븐일레븐'	'주중'	'2010-07-14'	'19시~20시까지'	'325950'	'539483'	'경기도 성남시 단대동'	'맑음'	'50'	'78'	'118'	'60'	'36'	'98'	'72'	'90'	'60'	'120'
'5127'	'세븐일레븐'	'주말'	'2010-07-17'	'12시~13시까지'	'325950'	'539483'	'경기도 성남시 단대동'	'비'	'6'	'86'	'18'	'48'	'134'	'38'	'108'	'86'	'54'	'72'
'5127'	'세븐일레븐'	'주말'	'2010-07-17'	'19시~20시까지'	'325950'	'539483'	'경기도 성남시 단대동'	'비'	'86'	'120'	'18'	'68'	'174'	'90'	'272'	'54'	'60'	'120'
'5128'	'단대오거리역2번출구'	'주중'	'2010-07-22'	'12시~13시까지'	'325630'	'538429'	'경기도 성남시 중앙동'	'비'	'48'	'92'	'30'	'54'	'116'	'20'	'164'	'68'	'74'	'126'
'5128'	'단대오거리역2번출구'	'주중'	'2010-07-22'	'19시~20시까지'	'325630'	'538429'	'경기도 성남시 중앙동'	'비'	'12'	'284'	'152'	'150'	'206'	'20'	'372'	'152'	'140'	'204'
'5128'	'단대오거리역2번출구'	'주말'	'2010-07-25'	'12시~13시까지'	'325630'	'538429'	'경기도 성남시 중앙동'	'맑음'	'20'	'170'	'74'	'36'	'220'	'36'	'80'	'126'	'74'	'188'
'5128'	'단대오거리역2번출구'	'주말'	'2010-07-25'	'19시~20시까지'	'325630'	'538429'	'경기도 성남시 중앙동'	'맑음'	'110'	'224'	'80'	'36'	'242'	'40'	'268'	'78'	'84'	'192'
'5129'	'신흥역4번출구'	'주중'	'2010-07-22'	'12시~13시까지'	'324740'	'538011'	'경기도 성남시 신흥3동'	'비'	'6'	'114'	'36'	'48'	'84'	'146'	'152'	'138'	'102'	'96'
'5129'	'신흥역4번출구'	'주중'	'2010-07-22'	'19시~20시까지'	'324740'	'538011'	'경기도 성남시 신흥3동'	'비'	'18'	'226'	'84'	'106'	'72'	'292'	'306'	'184'	'368'	'124'
'5129'	'신흥역4번출구'	'주말'	'2010-07-25'	'12시~13시까지'	'324740'	'538011'	'경기도 성남시 신흥3동'	'맑음'	'30'	'226'	'98'	'48'	'102'	'52'	'308'	'76'	'54'	'98'
'5129'	'신흥역4번출구'	'주말'	'2010-07-25'	'19시~20시까지'	'324740'	'538011'	'경기도 성남시 신흥3동'	'맑음'	'100'	'664'	'260'	'120'	'96'	'168'	'864'	'218'	'168'	'100'
'5968'	'STEP'	'주중'	'2010-10-07'	'12시~13시까지'	'321210'	'527963'	'경기도 성남시 구미1동'	'흐림'	'0'	'60'	'38'	'25'	'60'	'0'	'110'	'151'	'60'	'40'
'5968'	'STEP'	'주중'	'2010-10-07'	'19시~20시까지'	'321210'	'527963'	'경기도 성남시 구미1동'	'흐림'	'65'	'120'	'50'	'50'	'32'	'88'	'250'	'150'	'75'	'60'
'5968'	'STEP'	'주말'	'2010-10-09'	'12시~13시까지'	'321210'	'527963'	'경기도 성남시 구미1동'	'맑음'	'60'	'140'	'91'	'61'	'150'	'350'	'220'	'189'	'112'	'185'
'5968'	'STEP'	'주말'	'2010-10-09'	'19시~20시까지'	'321210'	'527963'	'경기도 성남시 구미1동'	'맑음'	'34'	'85'	'60'	'60'	'45'	'41'	'140'	'85'	'45'	'40'
'5969'	'바이더웨이'	'주중'	'2010-10-07'	'12시~13시까지'	'321282'	'527953'	'경기도 성남시 구미1동'	'흐림'	'0'	'70'	'45'	'20'	'35'	'0'	'105'	'145'	'50'	'60'
'5969'	'바이더웨이'	'주중'	'2010-10-07'	'19시~20시까지'	'321282'	'527953'	'경기도 성남시 구미1동'	'흐림'	'30'	'175'	'40'	'75'	'45'	'25'	'209'	'136'	'60'	'40'
'5969'	'바이더웨이'	'주말'	'2010-10-09'	'12시~13시까지'	'321282'	'527953'	'경기도 성남시 구미1동'	'맑음'	'145'	'125'	'135'	'105'	'85'	'421'	'254'	'215'	'131'	'85'
'5969'	'바이더웨이'	'주말'	'2010-10-09'	'19시~20시까지'	'321282'	'527953'	'경기도 성남시 구미1동'	'맑음'	'62'	'145'	'111'	'109'	'45'	'108'	'264'	'159'	'75'	'110'
'5970'	'우체국'	'주중'	'2010-10-14'	'12시~13시까지'	'321037'	'529911'	'경기도 성남시 정자1동'	'흐림'	'0'	'75'	'75'	'208'	'115'	'0'	'158'	'85'	'30'	'10'
'5970'	'우체국'	'주중'	'2010-10-14'	'19시~20시까지'	'321037'	'529911'	'경기도 성남시 정자1동'	'흐림'	'0'	'65'	'80'	'45'	'20'	'7'	'91'	'34'	'5'	'5'
'5970'	'우체국'	'주말'	'2010-10-16'	'12시~13시까지'	'321037'	'529911'	'경기도 성남시 정자1동'	'비'	'30'	'50'	'35'	'11'	'14'	'14'	'71'	'60'	'68'	'19'
'5970'	'우체국'	'주말'	'2010-10-16'	'19시~20시까지'	'321037'	'529911'	'경기도 성남시 정자1동'	'비'	'2'	'25'	'35'	'22'	'10'	'3'	'45'	'25'	'11'	'2'
'5971'	'미니스탑'	'주중'	'2010-10-07'	'12시~13시까지'	'324013'	'538227'	'경기도 성남시 신흥1동'	'흐림'	'0'	'32'	'26'	'15'	'65'	'0'	'38'	'56'	'41'	'49'
'5971'	'미니스탑'	'주중'	'2010-10-07'	'19시~20시까지'	'324013'	'538227'	'경기도 성남시 신흥1동'	'흐림'	'25'	'76'	'45'	'28'	'31'	'13'	'76'	'42'	'39'	'25'
'5971'	'미니스탑'	'주말'	'2010-10-09'	'12시~13시까지'	'324013'	'538227'	'경기도 성남시 신흥1동'	'맑음'	'35'	'15'	'15'	'15'	'59'	'15'	'20'	'39'	'42'	'71'
'5971'	'미니스탑'	'주말'	'2010-10-09'	'19시~20시까지'	'324013'	'538227'	'경기도 성남시 신흥1동'	'맑음'	'22'	'20'	'31'	'8'	'31'	'19'	'34'	'46'	'35'	'64'
'5972'	'파리바게뜨'	'주중'	'2010-10-13'	'12시~13시까지'	'324709'	'539025'	'경기도 성남시 신흥2동'	'흐림'	'0'	'31'	'11'	'11'	'31'	'0'	'41'	'41'	'31'	'49'
'5972'	'파리바게뜨'	'주중'	'2010-10-13'	'19시~20시까지'	'324709'	'539025'	'경기도 성남시 신흥2동'	'흐림'	'49'	'65'	'49'	'31'	'29'	'31'	'45'	'66'	'22'	'31'
'5972'	'파리바게뜨'	'주말'	'2010-10-10'	'12시~13시까지'	'324709'	'539025'	'경기도 성남시 신흥2동'	'흐림'	'16'	'25'	'19'	'14'	'31'	'7'	'31'	'51'	'25'	'31'
'5972'	'파리바게뜨'	'주말'	'2010-10-10'	'19시~20시까지'	'324709'	'539025'	'경기도 성남시 신흥2동'	'흐림'	'34'	'49'	'14'	'19'	'14'	'41'	'51'	'49'	'20'	'41'
'5973'	'단대오거리역2번출구'	'주중'	'2010-10-28'	'12시~13시까지'	'325630'	'538429'	'경기도 성남시 중앙동'	'맑음'	'0'	'42'	'14'	'25'	'62'	'0'	'76'	'45'	'35'	'59'
'5973'	'단대오거리역2번출구'	'주중'	'2010-10-28'	'19시~20시까지'	'325630'	'538429'	'경기도 성남시 중앙동'	'맑음'	'10'	'135'	'68'	'61'	'95'	'7'	'159'	'75'	'65'	'82'
'5973'	'단대오거리역2번출구'	'주말'	'2010-10-30'	'12시~13시까지'	'325630'	'538429'	'경기도 성남시 중앙동'	'맑음'	'15'	'84'	'35'	'15'	'95'	'15'	'39'	'62'	'34'	'85'
'5973'	'단대오거리역2번출구'	'주말'	'2010-10-30'	'19시~20시까지'	'325630'	'538429'	'경기도 성남시 중앙동'	'맑음'	'62'	'109'	'35'	'14'	'85'	'19'	'125'	'38'	'41'	'78'
'6176'	'GS25앞'	'주중'	'2010-11-01'	'12시~13시까지'	'323919'	'534713'	'경기도 성남시 야탑동'	'맑음'	'8'	'9'	'3'	'14'	'7'	'11'	'4'	'16'	'25'	'23'
'6176'	'GS25앞'	'주중'	'2010-11-01'	'19시~20시까지'	'323919'	'534713'	'경기도 성남시 야탑동'	'맑음'	'23'	'22'	'42'	'20'	'11'	'22'	'19'	'36'	'14'	'22'
'6176'	'GS25앞'	'주말'	'2010-11-14'	'12시~13시까지'	'323919'	'534713'	'경기도 성남시 야탑동'	'맑음'	'10'	'8'	'13'	'20'	'9'	'4'	'30'	'22'	'8'	'17'
'6176'	'GS25앞'	'주말'	'2010-11-14'	'19시~20시까지'	'323919'	'534713'	'경기도 성남시 야탑동'	'맑음'	'14'	'23'	'17'	'25'	'3'	'7'	'3'	'18'	'15'	'23'
'6177'	'패밀리마트앞'	'주중'	'2010-10-29'	'12시~13시까지'	'323398'	'530974'	'경기도 성남시 서현동'	'맑음'	'0'	'6'	'4'	'34'	'24'	'0'	'10'	'8'	'40'	'18'
'6177'	'패밀리마트앞'	'주중'	'2010-10-29'	'19시~20시까지'	'323398'	'530974'	'경기도 성남시 서현동'	'맑음'	'15'	'34'	'41'	'44'	'35'	'17'	'17'	'42'	'37'	'33'
'6177'	'패밀리마트앞'	'주말'	'2010-11-07'	'12시~13시까지'	'323398'	'530974'	'경기도 성남시 서현동'	'맑음'	'7'	'18'	'32'	'17'	'13'	'11'	'24'	'29'	'23'	'15'
'6177'	'패밀리마트앞'	'주말'	'2010-11-07'	'19시~20시까지'	'323398'	'530974'	'경기도 성남시 서현동'	'맑음'	'23'	'19'	'42'	'23'	'26'	'13'	'22'	'17'	'23'	'14'
'6178'	'GS25앞'	'주중'	'2010-10-29'	'12시~13시까지'	'323424'	'530923'	'경기도 성남시 서현2동'	'맑음'	'6'	'18'	'4'	'44'	'32'	'2'	'32'	'10'	'70'	'10'
'6178'	'GS25앞'	'주중'	'2010-10-29'	'19시~20시까지'	'323424'	'530923'	'경기도 성남시 서현2동'	'맑음'	'26'	'72'	'101'	'131'	'24'	'12'	'147'	'84'	'34'	'4'
'6178'	'GS25앞'	'주말'	'2010-11-07'	'12시~13시까지'	'323424'	'530923'	'경기도 성남시 서현2동'	'맑음'	'2'	'4'	'13'	'11'	'8'	'6'	'18'	'7'	'6'	'8'
'6178'	'GS25앞'	'주말'	'2010-11-07'	'19시~20시까지'	'323424'	'530923'	'경기도 성남시 서현2동'	'맑음'	'33'	'43'	'57'	'44'	'45'	'20'	'53'	'38'	'34'	'55'
'6179'	'두레교회앞'	'주중'	'2010-11-02'	'12시~13시까지'	'322888'	'534078'	'경기도 성남시 야탑3동'	'맑음'	'7'	'2'	'14'	'20'	'8'	'0'	'8'	'21'	'3'	'6'
'6179'	'두레교회앞'	'주중'	'2010-11-02'	'19시~20시까지'	'322888'	'534078'	'경기도 성남시 야탑3동'	'맑음'	'4'	'7'	'11'	'13'	'5'	'2'	'1'	'31'	'25'	'9'
'6179'	'두레교회앞'	'주말'	'2010-10-10'	'12시~13시까지'	'322888'	'534078'	'경기도 성남시 야탑3동'	'맑음'	'23'	'20'	'33'	'18'	'46'	'35'	'57'	'25'	'85'	'21'
'6179'	'두레교회앞'	'주말'	'2010-10-10'	'19시~20시까지'	'322888'	'534078'	'경기도 성남시 야탑3동'	'맑음'	'22'	'47'	'12'	'20'	'28'	'15'	'34'	'29'	'51'	'11'
'6193'	'서현역 5번출구'	'주말'	'2010-10-31'	'12시~13시까지'	'322633'	'531881'	'경기도 성남시 서현동'	'맑음'	'31'	'29'	'34'	'35'	'15'	'33'	'48'	'28'	'34'	'16'
'6193'	'서현역 5번출구'	'주중'	'2010-10-28'	'12시~13시까지'	'322633'	'531881'	'경기도 성남시 서현동'	'맑음'	'0'	'13'	'25'	'25'	'17'	'3'	'22'	'34'	'18'	'13'
'6193'	'서현역 5번출구'	'주중'	'2010-10-28'	'19시~20시까지'	'322633'	'531881'	'경기도 성남시 서현동'	'맑음'	'22'	'45'	'8'	'28'	'14'	'19'	'25'	'22'	'17'	'7'
'6193'	'서현역 5번출구'	'주말'	'2010-10-31'	'19시~20시까지'	'322633'	'531881'	'경기도 성남시 서현동'	'맑음'	'48'	'99'	'68'	'44'	'7'	'55'	'108'	'70'	'13'	'8'
'6284'	'보노과자점'	'주중'	'2010-10-01'	'12시~13시까지'	'321858'	'526589'	'경기도 성남시 구미동'	'흐림'	'0'	'4'	'14'	'15'	'10'	'0'	'30'	'45'	'50'	'32'
'6284'	'보노과자점'	'주중'	'2010-10-01'	'19시~20시까지'	'321858'	'526589'	'경기도 성남시 구미동'	'흐림'	'38'	'10'	'28'	'32'	'3'	'35'	'40'	'40'	'41'	'22'
'6284'	'보노과자점'	'주말'	'2010-10-02'	'12시~13시까지'	'321858'	'526589'	'경기도 성남시 구미동'	'비'	'50'	'33'	'15'	'25'	'35'	'45'	'25'	'55'	'65'	'50'
'6284'	'보노과자점'	'주말'	'2010-10-02'	'19시~20시까지'	'321858'	'526589'	'경기도 성남시 구미동'	'비'	'43'	'11'	'25'	'35'	'23'	'15'	'12'	'12'	'41'	'20'
'6286'	'GS25'	'주중'	'2010-10-14'	'12시~13시까지'	'321149'	'529788'	'경기도 성남시 정자1동'	'흐림'	'0'	'49'	'110'	'41'	'11'	'0'	'75'	'59'	'15'	'10'
'6286'	'GS25'	'주중'	'2010-10-14'	'19시~20시까지'	'321149'	'529788'	'경기도 성남시 정자1동'	'흐림'	'0'	'45'	'25'	'51'	'15'	'0'	'45'	'61'	'14'	'15'
'6286'	'GS25'	'주말'	'2010-10-16'	'12시~13시까지'	'321149'	'529788'	'경기도 성남시 정자1동'	'비'	'24'	'41'	'75'	'25'	'70'	'25'	'35'	'40'	'22'	'32'
'6286'	'GS25'	'주말'	'2010-10-16'	'19시~20시까지'	'321149'	'529788'	'경기도 성남시 정자1동'	'비'	'5'	'20'	'35'	'23'	'14'	'6'	'35'	'31'	'9'	'15'
'6287'	'GS25'	'주중'	'2010-10-20'	'12시~13시까지'	'322558'	'530083'	'경기도 성남시 정자2동'	'흐림'	'0'	'15'	'6'	'10'	'20'	'0'	'11'	'29'	'18'	'25'
'6287'	'GS25'	'주중'	'2010-10-20'	'19시~20시까지'	'322558'	'530083'	'경기도 성남시 정자2동'	'흐림'	'58'	'28'	'28'	'25'	'22'	'55'	'38'	'40'	'56'	'30'
'6287'	'GS25'	'주말'	'2010-10-17'	'12시~13시까지'	'322558'	'530083'	'경기도 성남시 정자2동'	'비'	'25'	'10'	'14'	'33'	'20'	'28'	'14'	'59'	'25'	'20'
'6287'	'GS25'	'주말'	'2010-10-17'	'19시~20시까지'	'322558'	'530083'	'경기도 성남시 정자2동'	'비'	'41'	'14'	'11'	'33'	'26'	'35'	'40'	'41'	'35'	'11'
'6303'	'정자동 카페거리(베스킨라빈스 앞)'	'주중'	'2010-11-05'	'12시~13시까지'	'321009'	'530258'	'경기도 성남시 정자1동'	'맑음'	'8'	'53'	'14'	'23'	'8'	'0'	'9'	'11'	'53'	'26'
'6303'	'정자동 카페거리(베스킨라빈스 앞)'	'주중'	'2010-11-05'	'19시~20시까지'	'321009'	'530258'	'경기도 성남시 정자1동'	'맑음'	'14'	'43'	'36'	'41'	'13'	'11'	'43'	'28'	'38'	'9'
'6303'	'정자동 카페거리(베스킨라빈스 앞)'	'주말'	'2010-11-06'	'12시~13시까지'	'321009'	'530258'	'경기도 성남시 정자1동'	'맑음'	'46'	'52'	'41'	'22'	'19'	'55'	'63'	'44'	'36'	'37'
'6303'	'정자동 카페거리(베스킨라빈스 앞)'	'주말'	'2010-11-06'	'19시~20시까지'	'321009'	'530258'	'경기도 성남시 정자1동'	'맑음'	'56'	'152'	'146'	'109'	'68'	'69'	'201'	'156'	'114'	'77'
'6304'	'정자동 카페사거리(페밀리 마트앞 건널목)'	'주중'	'2010-11-05'	'12시~13시까지'	'321112'	'530237'	'경기도 성남시 정자1동'	'맑음'	'8'	'13'	'34'	'22'	'9'	'3'	'26'	'41'	'11'	'16'
'6304'	'정자동 카페사거리(페밀리 마트앞 건널목)'	'주중'	'2010-11-05'	'19시~20시까지'	'321112'	'530237'	'경기도 성남시 정자1동'	'맑음'	'24'	'41'	'39'	'27'	'22'	'8'	'24'	'52'	'34'	'56'
'6304'	'정자동 카페사거리(페밀리 마트앞 건널목)'	'주말'	'2010-11-06'	'12시~13시까지'	'321112'	'530237'	'경기도 성남시 정자1동'	'맑음'	'35'	'51'	'57'	'46'	'37'	'43'	'108'	'72'	'19'	'36'
'6304'	'정자동 카페사거리(페밀리 마트앞 건널목)'	'주말'	'2010-11-06'	'19시~20시까지'	'321112'	'530237'	'경기도 성남시 정자1동'	'맑음'	'56'	'116'	'86'	'68'	'74'	'73'	'186'	'99'	'107'	'60'
'6398'	'정자1동 KFC 앞'	'주중'	'2010-10-20'	'12시~13시까지'	'321737'	'529219'	'경기도 성남시 정자3동'	'맑음'	'6'	'8'	'4'	'34'	'28'	'4'	'10'	'18'	'88'	'18'
'6398'	'정자1동 KFC 앞'	'주중'	'2010-10-20'	'19시~20시까지'	'321737'	'529219'	'경기도 성남시 정자3동'	'맑음'	'24'	'19'	'33'	'45'	'38'	'21'	'34'	'46'	'51'	'47'
'6398'	'정자1동 KFC 앞'	'주말'	'2010-10-23'	'12시~13시까지'	'321737'	'529219'	'경기도 성남시 정자3동'	'맑음'	'34'	'55'	'24'	'64'	'51'	'25'	'19'	'52'	'55'	'19'
'6398'	'정자1동 KFC 앞'	'주말'	'2010-10-23'	'19시~20시까지'	'321737'	'529219'	'경기도 성남시 정자3동'	'맑음'	'29'	'21'	'32'	'34'	'21'	'23'	'28'	'19'	'43'	'9'
'6399'	'정자1동 국민은행 앞'	'주중'	'2010-10-20'	'12시~13시까지'	'321767'	'529355'	'경기도 성남시 정자동'	'맑음'	'21'	'12'	'15'	'36'	'21'	'13'	'22'	'19'	'20'	'32'
'6399'	'정자1동 국민은행 앞'	'주중'	'2010-10-20'	'19시~20시까지'	'321767'	'529355'	'경기도 성남시 정자동'	'맑음'	'33'	'21'	'15'	'45'	'23'	'11'	'28'	'16'	'34'	'12'
'6399'	'정자1동 국민은행 앞'	'주말'	'2010-10-23'	'12시~13시까지'	'321767'	'529355'	'경기도 성남시 정자동'	'맑음'	'33'	'26'	'55'	'14'	'23'	'18'	'24'	'37'	'16'	'19'
'6399'	'정자1동 국민은행 앞'	'주말'	'2010-10-23'	'19시~20시까지'	'321767'	'529355'	'경기도 성남시 정자동'	'맑음'	'35'	'26'	'16'	'18'	'25'	'31'	'20'	'17'	'30'	'25'
'6400'	'르노삼성정비 앞(컴퓨터 A/S 센터)'	'주중'	'2010-10-26'	'12시~13시까지'	'321512'	'530033'	'경기도 성남시 정자1동'	'맑음'	'0'	'2'	'6'	'12'	'11'	'1'	'1'	'5'	'4'	'9'
'6400'	'르노삼성정비 앞(컴퓨터 A/S 센터)'	'주중'	'2010-10-26'	'19시~20시까지'	'321512'	'530033'	'경기도 성남시 정자1동'	'맑음'	'6'	'3'	'7'	'15'	'10'	'2'	'6'	'11'	'19'	'6'
'6400'	'르노삼성정비 앞(컴퓨터 A/S 센터)'	'주말'	'2010-10-30'	'12시~13시까지'	'321512'	'530033'	'경기도 성남시 정자1동'	'맑음'	'8'	'12'	'26'	'60'	'28'	'4'	'8'	'14'	'40'	'6'
'6400'	'르노삼성정비 앞(컴퓨터 A/S 센터)'	'주말'	'2010-10-30'	'19시~20시까지'	'321512'	'530033'	'경기도 성남시 정자1동'	'맑음'	'1'	'24'	'33'	'71'	'54'	'9'	'32'	'24'	'51'	'29'
'6402'	'던킨도너츠앞'	'주중'	'2010-10-27'	'12시~13시까지'	'322873'	'529809'	'경기도 성남시 수내3동'	'맑음'	'6'	'6'	'12'	'42'	'20'	'0'	'6'	'16'	'58'	'8'
'6402'	'던킨도너츠앞'	'주중'	'2010-10-27'	'19시~20시까지'	'322873'	'529809'	'경기도 성남시 수내3동'	'맑음'	'65'	'45'	'39'	'41'	'23'	'47'	'39'	'46'	'70'	'21'
'6402'	'던킨도너츠앞'	'주말'	'2010-10-16'	'12시~13시까지'	'322873'	'529809'	'경기도 성남시 수내3동'	'맑음'	'24'	'22'	'13'	'6'	'21'	'31'	'7'	'21'	'19'	'28'
'6402'	'던킨도너츠앞'	'주말'	'2010-10-16'	'19시~20시까지'	'322873'	'529809'	'경기도 성남시 수내3동'	'맑음'	'34'	'34'	'25'	'65'	'22'	'21'	'46'	'55'	'58'	'9'
'6481'	'은혜부동산'	'주말'	'2010-11-20'	'12시~13시까지'	'326659'	'538098'	'경기도 성남시 금광1동'	'흐림'	'11'	'14'	'14'	'15'	'35'	'11'	'42'	'42'	'16'	'64'
'6463'	'코코샌드위치전문점'	'주중'	'2010-10-20'	'12시~13시까지'	'322460'	'530200'	'경기도 성남시 수내동'	'흐림'	'0'	'14'	'6'	'4'	'15'	'0'	'10'	'20'	'11'	'18'
'6463'	'코코샌드위치전문점'	'주중'	'2010-10-20'	'19시~20시까지'	'322460'	'530200'	'경기도 성남시 수내동'	'흐림'	'85'	'36'	'15'	'14'	'25'	'55'	'25'	'22'	'31'	'25'
'6463'	'코코샌드위치전문점'	'주말'	'2010-10-17'	'12시~13시까지'	'322460'	'530200'	'경기도 성남시 수내동'	'비'	'86'	'11'	'4'	'3'	'14'	'55'	'10'	'22'	'16'	'8'
'6463'	'코코샌드위치전문점'	'주말'	'2010-10-17'	'19시~20시까지'	'322460'	'530200'	'경기도 성남시 수내동'	'비'	'91'	'33'	'14'	'15'	'20'	'23'	'22'	'24'	'41'	'11'
'6464'	'한국부동산'	'주중'	'2010-10-27'	'12시~13시까지'	'322430'	'534088'	'경기도 성남시 야탑3동'	'맑음'	'0'	'15'	'14'	'20'	'51'	'0'	'41'	'55'	'40'	'40'
'6464'	'한국부동산'	'주중'	'2010-10-27'	'19시~20시까지'	'322430'	'534088'	'경기도 성남시 야탑3동'	'맑음'	'85'	'30'	'31'	'15'	'30'	'114'	'50'	'45'	'28'	'30'
'6464'	'한국부동산'	'주말'	'2010-10-24'	'12시~13시까지'	'322430'	'534088'	'경기도 성남시 야탑3동'	'흐림'	'5'	'10'	'8'	'22'	'40'	'10'	'44'	'53'	'15'	'25'
'6464'	'한국부동산'	'주말'	'2010-10-24'	'19시~20시까지'	'322430'	'534088'	'경기도 성남시 야탑3동'	'흐림'	'40'	'15'	'16'	'25'	'30'	'22'	'27'	'28'	'14'	'30'
'6465'	'1번출구'	'주중'	'2010-10-28'	'12시~13시까지'	'323099'	'534796'	'경기도 성남시 야탑1동'	'맑음'	'12'	'85'	'28'	'35'	'86'	'0'	'145'	'95'	'76'	'106'
'6465'	'1번출구'	'주중'	'2010-10-28'	'19시~20시까지'	'323099'	'534796'	'경기도 성남시 야탑1동'	'맑음'	'88'	'228'	'100'	'40'	'45'	'92'	'206'	'159'	'31'	'61'
'6465'	'1번출구'	'주말'	'2010-10-30'	'12시~13시까지'	'323099'	'534796'	'경기도 성남시 야탑1동'	'맑음'	'100'	'151'	'31'	'114'	'81'	'145'	'214'	'105'	'53'	'137'
'6465'	'1번출구'	'주말'	'2010-10-30'	'19시~20시까지'	'323099'	'534796'	'경기도 성남시 야탑1동'	'맑음'	'41'	'145'	'154'	'95'	'90'	'86'	'234'	'179'	'141'	'51'
'6466'	'4번출구'	'주중'	'2010-10-28'	'12시~13시까지'	'323029'	'534805'	'경기도 성남시 야탑1동'	'맑음'	'0'	'145'	'43'	'126'	'109'	'0'	'131'	'174'	'135'	'115'
'6466'	'4번출구'	'주중'	'2010-10-28'	'19시~20시까지'	'323029'	'534805'	'경기도 성남시 야탑1동'	'맑음'	'35'	'186'	'132'	'118'	'35'	'31'	'367'	'161'	'25'	'20'
'6466'	'4번출구'	'주말'	'2010-10-30'	'12시~13시까지'	'323029'	'534805'	'경기도 성남시 야탑1동'	'맑음'	'241'	'107'	'126'	'101'	'285'	'145'	'159'	'186'	'58'	'86'
'6466'	'4번출구'	'주말'	'2010-10-30'	'19시~20시까지'	'323029'	'534805'	'경기도 성남시 야탑1동'	'맑음'	'61'	'341'	'101'	'41'	'186'	'134'	'545'	'199'	'125'	'101'
'6481'	'은혜부동산'	'주중'	'2010-11-18'	'19시~20시까지'	'326659'	'538098'	'경기도 성남시 금광1동'	'흐림'	'59'	'22'	'16'	'29'	'75'	'38'	'11'	'45'	'55'	'103'
'6480'	'우리약국'	'주중'	'2010-11-18'	'12시~13시까지'	'326586'	'538138'	'경기도 성남시 금광1동'	'흐림'	'0'	'5'	'8'	'15'	'25'	'0'	'15'	'39'	'32'	'32'
'6480'	'우리약국'	'주중'	'2010-11-18'	'19시~20시까지'	'326586'	'538138'	'경기도 성남시 금광1동'	'흐림'	'45'	'24'	'12'	'15'	'45'	'29'	'31'	'59'	'64'	'45'
'6480'	'우리약국'	'주말'	'2010-11-20'	'12시~13시까지'	'326586'	'538138'	'경기도 성남시 금광1동'	'흐림'	'20'	'15'	'8'	'15'	'65'	'15'	'35'	'26'	'21'	'45'
'6480'	'우리약국'	'주말'	'2010-11-20'	'19시~20시까지'	'326586'	'538138'	'경기도 성남시 금광1동'	'흐림'	'20'	'15'	'12'	'7'	'45'	'12'	'32'	'42'	'31'	'62'
'6481'	'은혜부동산'	'주중'	'2010-11-18'	'12시~13시까지'	'326659'	'538098'	'경기도 성남시 금광1동'	'흐림'	'0'	'5'	'10'	'4'	'76'	'0'	'4'	'35'	'45'	'78'
'6481'	'은혜부동산'	'주말'	'2010-11-20'	'19시~20시까지'	'326659'	'538098'	'경기도 성남시 금광1동'	'흐림'	'14'	'14'	'11'	'15'	'42'	'16'	'35'	'38'	'39'	'58'
'6482'	'새로운약국'	'주중'	'2010-10-01'	'12시~13시까지'	'323609'	'538587'	'경기도 성남시 태평3동'	'흐림'	'0'	'9'	'4'	'7'	'11'	'0'	'14'	'8'	'10'	'10'
'6482'	'새로운약국'	'주중'	'2010-10-01'	'19시~20시까지'	'323609'	'538587'	'경기도 성남시 태평3동'	'흐림'	'16'	'29'	'11'	'16'	'22'	'29'	'35'	'22'	'25'	'34'
'6482'	'새로운약국'	'주말'	'2010-10-02'	'12시~13시까지'	'323609'	'538587'	'경기도 성남시 태평3동'	'비'	'22'	'31'	'14'	'14'	'20'	'7'	'11'	'59'	'15'	'41'
'6482'	'새로운약국'	'주말'	'2010-10-02'	'19시~20시까지'	'323609'	'538587'	'경기도 성남시 태평3동'	'비'	'31'	'11'	'12'	'21'	'31'	'26'	'20'	'34'	'32'	'45'
'6483'	'경희유치원'	'주중'	'2010-10-01'	'12시~13시까지'	'323516'	'538549'	'경기도 성남시 태평3동'	'흐림'	'0'	'8'	'6'	'11'	'46'	'0'	'11'	'31'	'14'	'49'
'6483'	'경희유치원'	'주중'	'2010-10-01'	'19시~20시까지'	'323516'	'538549'	'경기도 성남시 태평3동'	'흐림'	'15'	'6'	'19'	'29'	'26'	'11'	'19'	'33'	'8'	'16'
'6483'	'경희유치원'	'주말'	'2010-10-02'	'12시~13시까지'	'323516'	'538549'	'경기도 성남시 태평3동'	'비'	'32'	'4'	'15'	'4'	'59'	'16'	'19'	'31'	'41'	'56'
'6483'	'경희유치원'	'주말'	'2010-10-02'	'19시~20시까지'	'323516'	'538549'	'경기도 성남시 태평3동'	'비'	'29'	'22'	'12'	'15'	'41'	'15'	'36'	'45'	'26'	'32'
'6484'	'불로초약국'	'주중'	'2010-10-07'	'12시~13시까지'	'324169'	'538277'	'경기도 성남시 신흥1동'	'흐림'	'0'	'39'	'14'	'18'	'39'	'0'	'40'	'65'	'55'	'45'
'6484'	'불로초약국'	'주중'	'2010-10-07'	'19시~20시까지'	'324169'	'538277'	'경기도 성남시 신흥1동'	'흐림'	'16'	'76'	'36'	'25'	'18'	'61'	'84'	'61'	'41'	'35'
'6484'	'불로초약국'	'주말'	'2010-10-09'	'12시~13시까지'	'324169'	'538277'	'경기도 성남시 신흥1동'	'맑음'	'25'	'29'	'31'	'31'	'59'	'16'	'46'	'64'	'41'	'65'
'6484'	'불로초약국'	'주말'	'2010-10-09'	'19시~20시까지'	'324169'	'538277'	'경기도 성남시 신흥1동'	'맑음'	'7'	'75'	'19'	'24'	'41'	'69'	'101'	'49'	'62'	'61'
'6485'	'교촌치킨'	'주중'	'2010-10-13'	'12시~13시까지'	'324597'	'538822'	'경기도 성남시 신흥동'	'흐림'	'0'	'14'	'4'	'10'	'15'	'0'	'15'	'31'	'8'	'14'
'6485'	'교촌치킨'	'주중'	'2010-10-13'	'19시~20시까지'	'324597'	'538822'	'경기도 성남시 신흥동'	'흐림'	'6'	'25'	'11'	'11'	'16'	'22'	'20'	'15'	'6'	'12'
'6485'	'교촌치킨'	'주말'	'2010-10-10'	'12시~13시까지'	'324597'	'538822'	'경기도 성남시 신흥동'	'흐림'	'4'	'29'	'14'	'14'	'16'	'5'	'22'	'10'	'15'	'29'
'6485'	'교촌치킨'	'주말'	'2010-10-10'	'19시~20시까지'	'324597'	'538822'	'경기도 성남시 신흥동'	'흐림'	'15'	'14'	'9'	'19'	'25'	'11'	'15'	'16'	'7'	'15'
'6486'	'로마니나제과점'	'주중'	'2010-10-14'	'12시~13시까지'	'324982'	'539467'	'경기도 성남시 산성동'	'흐림'	'0'	'35'	'25'	'25'	'51'	'0'	'19'	'58'	'38'	'56'
'6486'	'로마니나제과점'	'주중'	'2010-10-14'	'19시~20시까지'	'324982'	'539467'	'경기도 성남시 산성동'	'흐림'	'11'	'61'	'35'	'44'	'25'	'22'	'29'	'46'	'22'	'20'
'6486'	'로마니나제과점'	'주말'	'2010-10-16'	'12시~13시까지'	'324982'	'539467'	'경기도 성남시 산성동'	'비'	'31'	'32'	'14'	'23'	'65'	'23'	'49'	'6'	'21'	'51'
'6486'	'로마니나제과점'	'주말'	'2010-10-16'	'19시~20시까지'	'324982'	'539467'	'경기도 성남시 산성동'	'비'	'56'	'22'	'25'	'16'	'55'	'22'	'41'	'49'	'22'	'48'
'6487'	'신세계안경백화점'	'주중'	'2010-10-14'	'12시~13시까지'	'324989'	'539585'	'경기도 성남시 산성동'	'흐림'	'0'	'56'	'10'	'19'	'33'	'0'	'62'	'18'	'26'	'29'
'6487'	'신세계안경백화점'	'주중'	'2010-10-14'	'19시~20시까지'	'324989'	'539585'	'경기도 성남시 산성동'	'흐림'	'22'	'71'	'14'	'41'	'42'	'31'	'75'	'39'	'24'	'28'
'6487'	'신세계안경백화점'	'주말'	'2010-10-16'	'12시~13시까지'	'324989'	'539585'	'경기도 성남시 산성동'	'비'	'19'	'46'	'22'	'15'	'48'	'26'	'41'	'59'	'25'	'75'
'6487'	'신세계안경백화점'	'주말'	'2010-10-16'	'19시~20시까지'	'324989'	'539585'	'경기도 성남시 산성동'	'비'	'35'	'82'	'37'	'34'	'41'	'17'	'84'	'58'	'31'	'45'
'6559'	'세븐일레븐'	'주중'	'2010-10-20'	'12시~13시까지'	'325950'	'539483'	'경기도 성남시 단대동'	'흐림'	'0'	'32'	'45'	'41'	'25'	'0'	'62'	'56'	'20'	'60'
'6559'	'세븐일레븐'	'주중'	'2010-10-20'	'19시~20시까지'	'325950'	'539483'	'경기도 성남시 단대동'	'흐림'	'28'	'38'	'51'	'29'	'19'	'45'	'35'	'41'	'32'	'42'
'6559'	'세븐일레븐'	'주말'	'2010-10-17'	'12시~13시까지'	'325950'	'539483'	'경기도 성남시 단대동'	'비'	'4'	'38'	'10'	'22'	'45'	'18'	'56'	'41'	'25'	'31'
'6559'	'세븐일레븐'	'주말'	'2010-10-17'	'19시~20시까지'	'325950'	'539483'	'경기도 성남시 단대동'	'비'	'41'	'49'	'10'	'31'	'62'	'43'	'101'	'25'	'28'	'45'
'6560'	'은행시장약국'	'주중'	'2010-10-20'	'12시~13시까지'	'326248'	'539817'	'경기도 성남시 양지동'	'흐림'	'0'	'17'	'15'	'19'	'41'	'0'	'15'	'19'	'35'	'45'
'6560'	'은행시장약국'	'주중'	'2010-10-20'	'19시~20시까지'	'326248'	'539817'	'경기도 성남시 양지동'	'흐림'	'29'	'49'	'49'	'34'	'15'	'35'	'42'	'38'	'39'	'39'
'6560'	'은행시장약국'	'주말'	'2010-10-17'	'12시~13시까지'	'326248'	'539817'	'경기도 성남시 양지동'	'비'	'18'	'70'	'32'	'25'	'89'	'56'	'89'	'106'	'51'	'81'
'6560'	'은행시장약국'	'주말'	'2010-10-17'	'19시~20시까지'	'326248'	'539817'	'경기도 성남시 양지동'	'비'	'31'	'89'	'59'	'64'	'62'	'106'	'94'	'104'	'89'	'76'
'6561'	'SHOW신구대리점'	'주중'	'2010-10-21'	'12시~13시까지'	'326501'	'538630'	'경기도 성남시 금광동'	'흐림'	'0'	'18'	'5'	'4'	'4'	'0'	'29'	'7'	'7'	'8'
'6561'	'SHOW신구대리점'	'주중'	'2010-10-21'	'19시~20시까지'	'326501'	'538630'	'경기도 성남시 금광동'	'흐림'	'15'	'15'	'6'	'6'	'3'	'28'	'20'	'9'	'5'	'13'
'6561'	'SHOW신구대리점'	'주말'	'2010-10-23'	'12시~13시까지'	'326501'	'538630'	'경기도 성남시 금광동'	'맑음'	'38'	'29'	'29'	'3'	'8'	'29'	'31'	'25'	'8'	'12'
'6561'	'SHOW신구대리점'	'주말'	'2010-10-23'	'19시~20시까지'	'326501'	'538630'	'경기도 성남시 금광동'	'맑음'	'20'	'65'	'19'	'7'	'12'	'25'	'59'	'20'	'14'	'28'
'6562'	'한국유통앞'	'주중'	'2010-10-27'	'12시~13시까지'	'326658'	'539156'	'경기도 성남시 은행1동'	'맑음'	'0'	'7'	'8'	'12'	'22'	'2'	'4'	'31'	'20'	'42'
'6562'	'한국유통앞'	'주중'	'2010-10-27'	'19시~20시까지'	'326658'	'539156'	'경기도 성남시 은행1동'	'맑음'	'21'	'40'	'14'	'16'	'20'	'59'	'8'	'62'	'19'	'22'
'6562'	'한국유통앞'	'주말'	'2010-10-24'	'12시~13시까지'	'326658'	'539156'	'경기도 성남시 은행1동'	'흐림'	'15'	'16'	'20'	'20'	'18'	'21'	'7'	'25'	'20'	'15'
'6562'	'한국유통앞'	'주말'	'2010-10-24'	'19시~20시까지'	'326658'	'539156'	'경기도 성남시 은행1동'	'흐림'	'29'	'22'	'31'	'43'	'14'	'38'	'25'	'51'	'34'	'29'
'6563'	'신흥역4번출구'	'주중'	'2010-10-28'	'12시~13시까지'	'324740'	'538011'	'경기도 성남시 신흥3동'	'맑음'	'0'	'52'	'16'	'25'	'35'	'0'	'61'	'59'	'45'	'41'
'6563'	'신흥역4번출구'	'주중'	'2010-10-28'	'19시~20시까지'	'324740'	'538011'	'경기도 성남시 신흥3동'	'맑음'	'11'	'84'	'35'	'41'	'29'	'89'	'102'	'64'	'65'	'39'
'6563'	'신흥역4번출구'	'주말'	'2010-10-30'	'12시~13시까지'	'324740'	'538011'	'경기도 성남시 신흥3동'	'맑음'	'16'	'75'	'41'	'20'	'41'	'21'	'106'	'41'	'25'	'41'
'6563'	'신흥역4번출구'	'주말'	'2010-10-30'	'19시~20시까지'	'324740'	'538011'	'경기도 성남시 신흥3동'	'맑음'	'40'	'252'	'95'	'45'	'39'	'69'	'325'	'76'	'65'	'39'
'6808'	'모란역 7번출구'	'주중'	'2010-11-04'	'12시~13시까지'	'323081'	'537051'	'경기도 성남시 성남동'	'흐림'	'0'	'45'	'10'	'34'	'985'	'0'	'26'	'10'	'70'	'701'
'6808'	'모란역 7번출구'	'주중'	'2010-11-04'	'19시~20시까지'	'323081'	'537051'	'경기도 성남시 성남동'	'흐림'	'25'	'66'	'55'	'56'	'334'	'12'	'103'	'85'	'65'	'255'
'6808'	'모란역 7번출구'	'주말'	'2010-11-06'	'12시~13시까지'	'323081'	'537051'	'경기도 성남시 성남동'	'흐림'	'2'	'35'	'55'	'60'	'131'	'3'	'35'	'134'	'68'	'125'
'6808'	'모란역 7번출구'	'주말'	'2010-11-06'	'19시~20시까지'	'323081'	'537051'	'경기도 성남시 성남동'	'흐림'	'59'	'74'	'86'	'77'	'125'	'41'	'86'	'95'	'66'	'103'
'6811'	'파리바게트앞'	'주중'	'2010-11-03'	'12시~13시까지'	'323808'	'536764'	'경기도 성남시 성남동'	'맑음'	'0'	'14'	'15'	'11'	'75'	'0'	'14'	'15'	'21'	'61'
'6811'	'파리바게트앞'	'주중'	'2010-11-03'	'19시~20시까지'	'323808'	'536764'	'경기도 성남시 성남동'	'맑음'	'21'	'25'	'28'	'21'	'55'	'19'	'28'	'35'	'31'	'38'
'6811'	'파리바게트앞'	'주말'	'2010-10-31'	'12시~13시까지'	'323808'	'536764'	'경기도 성남시 성남동'	'맑음'	'50'	'19'	'35'	'15'	'30'	'26'	'28'	'14'	'30'	'50'
'6811'	'파리바게트앞'	'주말'	'2010-10-31'	'19시~20시까지'	'323808'	'536764'	'경기도 성남시 성남동'	'맑음'	'51'	'13'	'41'	'20'	'35'	'41'	'14'	'31'	'13'	'22'
'6816'	'로마니나제과점'	'주중'	'2010-11-11'	'12시~13시까지'	'325682'	'537476'	'경기도 성남시 상대원2동'	'비'	'0'	'26'	'28'	'18'	'45'	'0'	'31'	'90'	'45'	'45'
'6816'	'로마니나제과점'	'주중'	'2010-11-11'	'19시~20시까지'	'325682'	'537476'	'경기도 성남시 상대원2동'	'비'	'25'	'42'	'10'	'10'	'22'	'12'	'45'	'45'	'51'	'40'
'6816'	'로마니나제과점'	'주말'	'2010-11-13'	'12시~13시까지'	'325682'	'537476'	'경기도 성남시 상대원2동'	'맑음'	'32'	'38'	'10'	'12'	'25'	'28'	'38'	'42'	'22'	'42'
'6816'	'로마니나제과점'	'주말'	'2010-11-13'	'19시~20시까지'	'325682'	'537476'	'경기도 성남시 상대원2동'	'맑음'	'30'	'25'	'12'	'18'	'31'	'21'	'45'	'55'	'16'	'25'
'6818'	'이성범베이커리'	'주중'	'2010-11-17'	'12시~13시까지'	'326232'	'538055'	'경기도 성남시 금광1동'	'흐림'	'0'	'6'	'5'	'10'	'30'	'0'	'12'	'20'	'20'	'35'
'6818'	'이성범베이커리'	'주중'	'2010-11-17'	'19시~20시까지'	'326232'	'538055'	'경기도 성남시 금광1동'	'흐림'	'13'	'7'	'12'	'35'	'35'	'10'	'35'	'26'	'30'	'28'
'6818'	'이성범베이커리'	'주말'	'2010-11-14'	'12시~13시까지'	'326232'	'538055'	'경기도 성남시 금광1동'	'맑음'	'20'	'25'	'10'	'10'	'15'	'15'	'20'	'25'	'15'	'12'
'6818'	'이성범베이커리'	'주말'	'2010-11-14'	'19시~20시까지'	'326232'	'538055'	'경기도 성남시 금광1동'	'맑음'	'41'	'41'	'22'	'22'	'35'	'15'	'25'	'20'	'32'	'29'
'6820'	'대명M클래스학원'	'주중'	'2010-11-17'	'12시~13시까지'	'326381'	'538138'	'경기도 성남시 금광1동'	'흐림'	'0'	'5'	'15'	'10'	'35'	'0'	'10'	'40'	'15'	'15'
'6820'	'대명M클래스학원'	'주중'	'2010-11-17'	'19시~20시까지'	'326381'	'538138'	'경기도 성남시 금광1동'	'흐림'	'41'	'12'	'10'	'26'	'28'	'45'	'12'	'15'	'15'	'32'
'6820'	'대명M클래스학원'	'주말'	'2010-11-14'	'12시~13시까지'	'326381'	'538138'	'경기도 성남시 금광1동'	'맑음'	'25'	'15'	'22'	'11'	'25'	'12'	'10'	'22'	'38'	'35'
'6820'	'대명M클래스학원'	'주말'	'2010-11-14'	'19시~20시까지'	'326381'	'538138'	'경기도 성남시 금광1동'	'맑음'	'20'	'42'	'39'	'32'	'16'	'22'	'15'	'22'	'16'	'11'
'6821'	'메디컬약국'	'주중'	'2010-10-27'	'12시~13시까지'	'326406'	'539070'	'경기도 성남시 은행1동'	'맑음'	'4'	'5'	'16'	'7'	'41'	'6'	'4'	'78'	'35'	'41'
'6821'	'메디컬약국'	'주중'	'2010-10-27'	'19시~20시까지'	'326406'	'539070'	'경기도 성남시 은행1동'	'맑음'	'42'	'41'	'18'	'8'	'45'	'35'	'15'	'50'	'41'	'19'
'6821'	'메디컬약국'	'주말'	'2010-10-24'	'12시~13시까지'	'326406'	'539070'	'경기도 성남시 은행1동'	'흐림'	'38'	'23'	'22'	'20'	'32'	'46'	'31'	'25'	'18'	'42'
'6821'	'메디컬약국'	'주말'	'2010-10-24'	'19시~20시까지'	'326406'	'539070'	'경기도 성남시 은행1동'	'흐림'	'69'	'35'	'45'	'35'	'29'	'59'	'60'	'50'	'35'	'25'
'6824'	'바이더웨이'	'주중'	'2010-10-21'	'12시~13시까지'	'326035'	'538476'	'경기도 성남시 금광1동'	'흐림'	'0'	'30'	'22'	'15'	'30'	'2'	'41'	'45'	'19'	'22'
'6824'	'바이더웨이'	'주중'	'2010-10-21'	'19시~20시까지'	'326035'	'538476'	'경기도 성남시 금광1동'	'흐림'	'31'	'59'	'34'	'23'	'22'	'19'	'76'	'68'	'16'	'29'
'6824'	'바이더웨이'	'주말'	'2010-10-23'	'12시~13시까지'	'326035'	'538476'	'경기도 성남시 금광1동'	'맑음'	'42'	'31'	'13'	'20'	'48'	'31'	'52'	'45'	'25'	'41'
'6824'	'바이더웨이'	'주말'	'2010-10-23'	'19시~20시까지'	'326035'	'538476'	'경기도 성남시 금광1동'	'맑음'	'32'	'54'	'48'	'52'	'30'	'28'	'64'	'82'	'23'	'45'
'6908'	'우리은행'	'주중'	'2010-10-21'	'12시~13시까지'	'322224'	'530587'	'경기도 성남시 수내동'	'흐림'	'0'	'25'	'25'	'25'	'45'	'0'	'25'	'41'	'30'	'45'
'6908'	'우리은행'	'주중'	'2010-10-21'	'19시~20시까지'	'322224'	'530587'	'경기도 성남시 수내동'	'흐림'	'75'	'26'	'35'	'31'	'40'	'111'	'40'	'55'	'35'	'35'
'6908'	'우리은행'	'주말'	'2010-10-23'	'12시~13시까지'	'322224'	'530587'	'경기도 성남시 수내동'	'맑음'	'75'	'25'	'11'	'10'	'41'	'120'	'45'	'62'	'40'	'68'
'6908'	'우리은행'	'주말'	'2010-10-23'	'19시~20시까지'	'322224'	'530587'	'경기도 성남시 수내동'	'맑음'	'30'	'35'	'26'	'18'	'11'	'40'	'21'	'41'	'18'	'20'
'6909'	'던킨도너츠'	'주중'	'2010-10-21'	'12시~13시까지'	'322244'	'530562'	'경기도 성남시 수내동'	'흐림'	'0'	'25'	'11'	'11'	'25'	'0'	'22'	'55'	'40'	'45'
'6909'	'던킨도너츠'	'주중'	'2010-10-21'	'19시~20시까지'	'322244'	'530562'	'경기도 성남시 수내동'	'흐림'	'105'	'55'	'35'	'28'	'22'	'115'	'41'	'45'	'31'	'31'
'6909'	'던킨도너츠'	'주말'	'2010-10-23'	'12시~13시까지'	'322244'	'530562'	'경기도 성남시 수내동'	'맑음'	'22'	'30'	'11'	'11'	'11'	'35'	'35'	'25'	'22'	'22'
'6909'	'던킨도너츠'	'주말'	'2010-10-23'	'19시~20시까지'	'322244'	'530562'	'경기도 성남시 수내동'	'맑음'	'42'	'55'	'30'	'15'	'10'	'4'	'30'	'26'	'11'	'15'
'7270'	'열린하늘문교회앞'	'주중'	'2010-11-02'	'12시~13시까지'	'322786'	'534080'	'경기도 성남시 야탑3동'	'흐림'	'13'	'15'	'23'	'17'	'20'	'9'	'11'	'35'	'29'	'22'
'7270'	'열린하늘문교회앞'	'주중'	'2010-11-02'	'19시~20시까지'	'322786'	'534080'	'경기도 성남시 야탑3동'	'흐림'	'64'	'56'	'12'	'60'	'16'	'8'	'28'	'4'	'24'	'8'
'7270'	'열린하늘문교회앞'	'주말'	'2010-10-10'	'12시~13시까지'	'322786'	'534080'	'경기도 성남시 야탑3동'	'맑음'	'55'	'24'	'16'	'18'	'20'	'39'	'17'	'22'	'16'	'14'
'7270'	'열린하늘문교회앞'	'주말'	'2010-10-10'	'19시~20시까지'	'322786'	'534080'	'경기도 성남시 야탑3동'	'맑음'	'25'	'21'	'9'	'18'	'23'	'24'	'18'	'12'	'7'	'3'
'7470'	'홈플러스앞'	'주중'	'2010-10-27'	'12시~13시까지'	'322823'	'529767'	'경기도 성남시 수내3동'	'맑음'	'24'	'6'	'0'	'14'	'32'	'8'	'20'	'22'	'92'	'52'
'7470'	'홈플러스앞'	'주중'	'2010-10-27'	'19시~20시까지'	'322823'	'529767'	'경기도 성남시 수내3동'	'맑음'	'31'	'22'	'18'	'33'	'19'	'22'	'16'	'30'	'19'	'24'
'7470'	'홈플러스앞'	'주말'	'2010-10-16'	'12시~13시까지'	'322823'	'529767'	'경기도 성남시 수내3동'	'맑음'	'15'	'8'	'23'	'17'	'22'	'7'	'11'	'24'	'25'	'14'
'7470'	'홈플러스앞'	'주말'	'2010-10-16'	'19시~20시까지'	'322823'	'529767'	'경기도 성남시 수내3동'	'맑음'	'13'	'22'	'46'	'53'	'23'	'7'	'16'	'43'	'32'	'18'
'7471'	'빠리바케트앞'	'주중'	'2010-11-01'	'12시~13시까지'	'323936'	'534785'	'경기도 성남시 야탑동'	'맑음'	'8'	'15'	'16'	'11'	'3'	'6'	'20'	'18'	'8'	'6'
'7471'	'빠리바케트앞'	'주중'	'2010-11-01'	'19시~20시까지'	'323936'	'534785'	'경기도 성남시 야탑동'	'맑음'	'13'	'24'	'18'	'19'	'7'	'22'	'12'	'9'	'16'	'14'
'7471'	'빠리바케트앞'	'주말'	'2010-11-14'	'12시~13시까지'	'323936'	'534785'	'경기도 성남시 야탑동'	'맑음'	'12'	'23'	'33'	'18'	'19'	'12'	'7'	'15'	'26'	'44'
'7471'	'빠리바케트앞'	'주말'	'2010-11-14'	'19시~20시까지'	'323936'	'534785'	'경기도 성남시 야탑동'	'맑음'	'25'	'22'	'5'	'17'	'16'	'6'	'45'	'24'	'7'	'13'
'7472'	'수내역4번출구앞'	'주중'	'2010-10-22'	'12시~13시까지'	'321848'	'531179'	'경기도 성남시 수내1동'	'맑음'	'3'	'16'	'24'	'35'	'28'	'5'	'25'	'33'	'19'	'19'
'7472'	'수내역4번출구앞'	'주중'	'2010-10-22'	'19시~20시까지'	'321848'	'531179'	'경기도 성남시 수내1동'	'맑음'	'36'	'30'	'46'	'19'	'11'	'28'	'49'	'44'	'71'	'14'
'7472'	'수내역4번출구앞'	'주말'	'2010-10-17'	'12시~13시까지'	'321848'	'531179'	'경기도 성남시 수내1동'	'맑음'	'29'	'37'	'35'	'33'	'17'	'31'	'28'	'27'	'44'	'19'
'7472'	'수내역4번출구앞'	'주말'	'2010-10-17'	'19시~20시까지'	'321848'	'531179'	'경기도 성남시 수내1동'	'맑음'	'40'	'34'	'40'	'41'	'29'	'56'	'64'	'52'	'34'	'15'
'7473'	'수내역2번출구앞'	'주중'	'2010-10-22'	'12시~13시까지'	'321655'	'530934'	'경기도 성남시 수내1동'	'흐림'	'7'	'29'	'50'	'44'	'29'	'2'	'19'	'33'	'58'	'23'
'7473'	'수내역2번출구앞'	'주중'	'2010-10-22'	'19시~20시까지'	'321655'	'530934'	'경기도 성남시 수내1동'	'흐림'	'42'	'46'	'46'	'68'	'78'	'54'	'116'	'88'	'164'	'46'
'7473'	'수내역2번출구앞'	'주말'	'2010-10-17'	'12시~13시까지'	'321655'	'530934'	'경기도 성남시 수내1동'	'맑음'	'49'	'30'	'37'	'41'	'25'	'44'	'28'	'19'	'42'	'26'
'7473'	'수내역2번출구앞'	'주말'	'2010-10-17'	'19시~20시까지'	'321655'	'530934'	'경기도 성남시 수내1동'	'맑음'	'31'	'40'	'31'	'22'	'28'	'32'	'56'	'34'	'45'	'16'
'7565'	'농협, 뚜레쥬르 앞'	'주중'	'2010-10-26'	'12시~13시까지'	'321094'	'530095'	'경기도 성남시 정자1동'	'맑음'	'7'	'12'	'21'	'9'	'13'	'7'	'11'	'10'	'20'	'6'
'7565'	'농협, 뚜레쥬르 앞'	'주중'	'2010-10-26'	'19시~20시까지'	'321094'	'530095'	'경기도 성남시 정자1동'	'맑음'	'5'	'21'	'27'	'34'	'28'	'16'	'21'	'37'	'33'	'24'
'7565'	'농협, 뚜레쥬르 앞'	'주말'	'2010-10-30'	'12시~13시까지'	'321094'	'530095'	'경기도 성남시 정자1동'	'맑음'	'56'	'20'	'22'	'56'	'10'	'44'	'18'	'18'	'60'	'16'
'7565'	'농협, 뚜레쥬르 앞'	'주말'	'2010-10-30'	'19시~20시까지'	'321094'	'530095'	'경기도 성남시 정자1동'	'맑음'	'48'	'31'	'19'	'48'	'23'	'21'	'29'	'46'	'56'	'29'
'7566'	'정자1동 서울24시감자탕, 구이랑'	'주중'	'2010-10-21'	'12시~13시까지'	'321777'	'530229'	'경기도 성남시 정자동'	'맑음'	'2'	'6'	'0'	'10'	'6'	'2'	'0'	'2'	'28'	'16'
'7566'	'정자1동 서울24시감자탕, 구이랑'	'주중'	'2010-10-21'	'19시~20시까지'	'321777'	'530229'	'경기도 성남시 정자동'	'맑음'	'8'	'26'	'43'	'57'	'62'	'14'	'31'	'41'	'58'	'36'
'7566'	'정자1동 서울24시감자탕, 구이랑'	'주말'	'2010-10-24'	'12시~13시까지'	'321777'	'530229'	'경기도 성남시 정자동'	'맑음'	'88'	'26'	'10'	'20'	'10'	'6'	'10'	'10'	'18'	'4'
'7566'	'정자1동 서울24시감자탕, 구이랑'	'주말'	'2010-10-24'	'19시~20시까지'	'321777'	'530229'	'경기도 성남시 정자동'	'맑음'	'43'	'25'	'44'	'23'	'24'	'33'	'13'	'43'	'58'	'20'
'7567'	'수이학원 앞(지하도 앞)'	'주중'	'2010-10-21'	'12시~13시까지'	'321581'	'530539'	'경기도 성남시 정자1동'	'맑음'	'3'	'16'	'13'	'25'	'16'	'4'	'2'	'17'	'17'	'8'
'7567'	'수이학원 앞(지하도 앞)'	'주중'	'2010-10-21'	'19시~20시까지'	'321581'	'530539'	'경기도 성남시 정자1동'	'맑음'	'19'	'13'	'8'	'25'	'18'	'20'	'17'	'16'	'19'	'17'
'7567'	'수이학원 앞(지하도 앞)'	'주말'	'2010-10-24'	'12시~13시까지'	'321581'	'530539'	'경기도 성남시 정자1동'	'맑음'	'19'	'24'	'11'	'16'	'19'	'22'	'23'	'42'	'22'	'16'
'7567'	'수이학원 앞(지하도 앞)'	'주말'	'2010-10-24'	'19시~20시까지'	'321581'	'530539'	'경기도 성남시 정자1동'	'맑음'	'19'	'7'	'8'	'13'	'9'	'28'	'29'	'14'	'22'	'6'
'7588'	'서현역 4번출구'	'주중'	'2010-10-28'	'12시~13시까지'	'322480'	'531797'	'경기도 성남시 서현동'	'맑음'	'11'	'36'	'33'	'42'	'12'	'8'	'45'	'36'	'25'	'6'
'7588'	'서현역 4번출구'	'주중'	'2010-10-28'	'19시~20시까지'	'322480'	'531797'	'경기도 성남시 서현동'	'맑음'	'42'	'46'	'46'	'68'	'78'	'54'	'116'	'88'	'164'	'46'
'7588'	'서현역 4번출구'	'주말'	'2010-10-31'	'12시~13시까지'	'322480'	'531797'	'경기도 성남시 서현동'	'맑음'	'44'	'81'	'30'	'41'	'23'	'29'	'99'	'89'	'71'	'26'
'7588'	'서현역 4번출구'	'주말'	'2010-10-31'	'19시~20시까지'	'322480'	'531797'	'경기도 성남시 서현동'	'맑음'	'62'	'116'	'46'	'50'	'46'	'88'	'240'	'124'	'76'	'10'
'7651'	'바이더웨이앞'	'주중'	'2010-10-25'	'12시~13시까지'	'323535'	'534834'	'경기도 성남시 야탑동'	'흐림'	'3'	'7'	'18'	'24'	'22'	'4'	'25'	'4'	'16'	'10'
'7651'	'바이더웨이앞'	'주중'	'2010-10-25'	'19시~20시까지'	'323535'	'534834'	'경기도 성남시 야탑동'	'흐림'	'4'	'56'	'28'	'56'	'20'	'0'	'16'	'16'	'24'	'4'
'7651'	'바이더웨이앞'	'주말'	'2010-11-13'	'12시~13시까지'	'323535'	'534834'	'경기도 성남시 야탑동'	'맑음'	'14'	'20'	'16'	'18'	'22'	'20'	'17'	'15'	'18'	'6'
'7651'	'바이더웨이앞'	'주말'	'2010-11-13'	'19시~20시까지'	'323535'	'534834'	'경기도 성남시 야탑동'	'맑음'	'3'	'15'	'22'	'17'	'10'	'9'	'9'	'11'	'12'	'7'
'7652'	'공룡고기앞'	'주중'	'2010-10-25'	'12시~13시까지'	'323531'	'534705'	'경기도 성남시 야탑1동'	'맑음'	'2'	'12'	'4'	'8'	'0'	'0'	'8'	'33'	'5'	'2'
'7652'	'공룡고기앞'	'주중'	'2010-10-25'	'19시~20시까지'	'323531'	'534705'	'경기도 성남시 야탑1동'	'맑음'	'1'	'8'	'34'	'18'	'7'	'4'	'4'	'25'	'12'	'3'
'7652'	'공룡고기앞'	'주말'	'2010-11-13'	'12시~13시까지'	'323531'	'534705'	'경기도 성남시 야탑1동'	'맑음'	'3'	'12'	'13'	'9'	'8'	'7'	'5'	'13'	'22'	'3'
'7652'	'공룡고기앞'	'주말'	'2010-11-13'	'19시~20시까지'	'323531'	'534705'	'경기도 성남시 야탑1동'	'맑음'	'12'	'8'	'32'	'22'	'12'	'22'	'13'	'22'	'18'	'22'
'7770'	'종합장식'	'주중'	'2010-11-10'	'12시~13시까지'	'324884'	'536722'	'경기도 성남시 하대원동'	'맑음'	'0'	'15'	'10'	'6'	'13'	'0'	'25'	'25'	'11'	'16'
'7770'	'종합장식'	'주중'	'2010-11-10'	'19시~20시까지'	'324884'	'536722'	'경기도 성남시 하대원동'	'맑음'	'32'	'26'	'11'	'13'	'25'	'29'	'59'	'51'	'28'	'22'
'7770'	'종합장식'	'주말'	'2010-11-07'	'12시~13시까지'	'324884'	'536722'	'경기도 성남시 하대원동'	'비'	'15'	'13'	'11'	'25'	'22'	'13'	'28'	'50'	'20'	'20'
'7770'	'종합장식'	'주말'	'2010-11-07'	'19시~20시까지'	'324884'	'536722'	'경기도 성남시 하대원동'	'비'	'25'	'25'	'12'	'31'	'28'	'28'	'13'	'55'	'15'	'25'
'7855'	'한국화훼농협'	'주중'	'2010-10-01'	'12시~13시까지'	'321899'	'526446'	'경기도 성남시 구미동'	'흐림'	'0'	'22'	'14'	'5'	'25'	'0'	'10'	'40'	'24'	'50'
'7855'	'한국화훼농협'	'주중'	'2010-10-01'	'19시~20시까지'	'321899'	'526446'	'경기도 성남시 구미동'	'흐림'	'11'	'28'	'33'	'25'	'15'	'22'	'22'	'55'	'25'	'40'
'7855'	'한국화훼농협'	'주말'	'2010-10-02'	'12시~13시까지'	'321899'	'526446'	'경기도 성남시 구미동'	'비'	'40'	'50'	'22'	'25'	'15'	'35'	'15'	'55'	'55'	'31'
'7855'	'한국화훼농협'	'주말'	'2010-10-02'	'19시~20시까지'	'321899'	'526446'	'경기도 성남시 구미동'	'비'	'12'	'55'	'22'	'22'	'40'	'15'	'44'	'25'	'35'	'11'
'7856'	'훼미리마트'	'주중'	'2010-10-13'	'12시~13시까지'	'321143'	'529648'	'경기도 성남시 정자1동'	'흐림'	'0'	'60'	'143'	'71'	'31'	'0'	'60'	'40'	'40'	'4'
'7856'	'훼미리마트'	'주중'	'2010-10-13'	'19시~20시까지'	'321143'	'529648'	'경기도 성남시 정자1동'	'흐림'	'0'	'100'	'175'	'110'	'145'	'0'	'115'	'61'	'65'	'6'
'7856'	'훼미리마트'	'주말'	'2010-10-10'	'12시~13시까지'	'321143'	'529648'	'경기도 성남시 정자1동'	'흐림'	'6'	'40'	'60'	'15'	'50'	'11'	'75'	'50'	'15'	'7'
'7856'	'훼미리마트'	'주말'	'2010-10-10'	'19시~20시까지'	'321143'	'529648'	'경기도 성남시 정자1동'	'흐림'	'5'	'45'	'70'	'54'	'5'	'5'	'100'	'45'	'14'	'6'
'7858'	'건영공인중개사'	'주중'	'2010-10-27'	'12시~13시까지'	'322427'	'534053'	'경기도 성남시 야탑3동'	'맑음'	'0'	'15'	'25'	'21'	'55'	'0'	'26'	'51'	'30'	'70'
'7858'	'건영공인중개사'	'주중'	'2010-10-27'	'19시~20시까지'	'322427'	'534053'	'경기도 성남시 야탑3동'	'맑음'	'86'	'14'	'26'	'14'	'40'	'106'	'31'	'55'	'25'	'55'
'7858'	'건영공인중개사'	'주말'	'2010-10-24'	'12시~13시까지'	'322427'	'534053'	'경기도 성남시 야탑3동'	'흐림'	'20'	'15'	'45'	'22'	'95'	'22'	'15'	'51'	'30'	'108'
'7858'	'건영공인중개사'	'주말'	'2010-10-24'	'19시~20시까지'	'322427'	'534053'	'경기도 성남시 야탑3동'	'흐림'	'71'	'10'	'30'	'11'	'56'	'15'	'30'	'46'	'55'	'35'
'7988'	'바다약국'	'주중'	'2010-11-03'	'12시~13시까지'	'323790'	'536805'	'경기도 성남시 성남동'	'맑음'	'0'	'18'	'14'	'28'	'55'	'0'	'22'	'43'	'7'	'25'
'7988'	'바다약국'	'주중'	'2010-11-03'	'19시~20시까지'	'323790'	'536805'	'경기도 성남시 성남동'	'맑음'	'18'	'19'	'11'	'5'	'18'	'19'	'11'	'18'	'7'	'17'
'7988'	'바다약국'	'주말'	'2010-10-31'	'12시~13시까지'	'323790'	'536805'	'경기도 성남시 성남동'	'맑음'	'15'	'31'	'14'	'22'	'16'	'35'	'10'	'14'	'13'	'16'
'7988'	'바다약국'	'주말'	'2010-10-31'	'19시~20시까지'	'323790'	'536805'	'경기도 성남시 성남동'	'맑음'	'35'	'66'	'11'	'38'	'11'	'15'	'11'	'11'	'18'	'11'
'7990'	'한림학원'	'주중'	'2010-11-10'	'12시~13시까지'	'324985'	'536753'	'경기도 성남시 하대원동'	'맑음'	'0'	'10'	'4'	'4'	'14'	'0'	'15'	'11'	'15'	'11'
'7990'	'한림학원'	'주중'	'2010-11-10'	'19시~20시까지'	'324985'	'536753'	'경기도 성남시 하대원동'	'맑음'	'28'	'19'	'5'	'5'	'28'	'35'	'30'	'22'	'25'	'28'
'7990'	'한림학원'	'주말'	'2010-11-07'	'12시~13시까지'	'324985'	'536753'	'경기도 성남시 하대원동'	'비'	'10'	'13'	'6'	'9'	'6'	'14'	'14'	'22'	'3'	'16'
'7990'	'한림학원'	'주말'	'2010-11-07'	'19시~20시까지'	'324985'	'536753'	'경기도 성남시 하대원동'	'비'	'7'	'2'	'4'	'14'	'11'	'7'	'11'	'11'	'6'	'11'
'7991'	'제일치과'	'주중'	'2010-11-11'	'12시~13시까지'	'325729'	'537505'	'경기도 성남시 상대원2동'	'비'	'0'	'19'	'10'	'10'	'30'	'0'	'10'	'35'	'40'	'68'
'7991'	'제일치과'	'주중'	'2010-11-11'	'19시~20시까지'	'325729'	'537505'	'경기도 성남시 상대원2동'	'비'	'28'	'38'	'20'	'6'	'32'	'45'	'32'	'40'	'46'	'72'
'7991'	'제일치과'	'주말'	'2010-11-13'	'12시~13시까지'	'325729'	'537505'	'경기도 성남시 상대원2동'	'맑음'	'42'	'20'	'18'	'15'	'28'	'11'	'18'	'20'	'25'	'72'
'7991'	'제일치과'	'주말'	'2010-11-13'	'19시~20시까지'	'325729'	'537505'	'경기도 성남시 상대원2동'	'맑음'	'72'	'25'	'22'	'20'	'25'	'45'	'32'	'22'	'45'	'45'
'8016'	'3번출구'	'주중'	'2010-10-06'	'12시~13시까지'	'325852'	'539197'	'경기도 성남시 단대동'	'흐림'	'0'	'13'	'15'	'32'	'38'	'0'	'15'	'16'	'29'	'25'
'8016'	'3번출구'	'주중'	'2010-10-06'	'19시~20시까지'	'325852'	'539197'	'경기도 성남시 단대동'	'흐림'	'14'	'41'	'49'	'41'	'62'	'3'	'28'	'49'	'33'	'39'
'8016'	'3번출구'	'주말'	'2010-10-03'	'12시~13시까지'	'325852'	'539197'	'경기도 성남시 단대동'	'비'	'21'	'18'	'7'	'4'	'14'	'11'	'34'	'6'	'15'	'16'
'8016'	'3번출구'	'주말'	'2010-10-03'	'19시~20시까지'	'325852'	'539197'	'경기도 성남시 단대동'	'비'	'18'	'35'	'7'	'16'	'18'	'29'	'45'	'22'	'13'	'24'
'8020'	'바이더웨이'	'주중'	'2010-10-06'	'12시~13시까지'	'325798'	'539077'	'경기도 성남시 단대동'	'흐림'	'0'	'4'	'5'	'4'	'9'	'0'	'4'	'13'	'5'	'11'
'8020'	'바이더웨이'	'주중'	'2010-10-06'	'19시~20시까지'	'325798'	'539077'	'경기도 성남시 단대동'	'흐림'	'32'	'25'	'12'	'22'	'38'	'5'	'41'	'32'	'19'	'20'
'8020'	'바이더웨이'	'주말'	'2010-10-03'	'12시~13시까지'	'325798'	'539077'	'경기도 성남시 단대동'	'비'	'3'	'15'	'13'	'20'	'31'	'4'	'20'	'15'	'11'	'32'
'8020'	'바이더웨이'	'주말'	'2010-10-03'	'19시~20시까지'	'325798'	'539077'	'경기도 성남시 단대동'	'비'	'9'	'10'	'25'	'20'	'22'	'3'	'5'	'6'	'25'	'31'
'8079'	'모란역 4번출구'	'주중'	'2010-11-04'	'12시~13시까지'	'323156'	'536923'	'경기도 성남시 성남동'	'흐림'	'0'	'65'	'31'	'16'	'135'	'0'	'95'	'45'	'86'	'65'
'8079'	'모란역 4번출구'	'주중'	'2010-11-04'	'19시~20시까지'	'323156'	'536923'	'경기도 성남시 성남동'	'흐림'	'4'	'99'	'66'	'86'	'64'	'7'	'95'	'55'	'88'	'11'
'8079'	'모란역 4번출구'	'주말'	'2010-11-06'	'12시~13시까지'	'323156'	'536923'	'경기도 성남시 성남동'	'흐림'	'45'	'131'	'41'	'88'	'188'	'66'	'131'	'61'	'95'	'195'
'8079'	'모란역 4번출구'	'주말'	'2010-11-06'	'19시~20시까지'	'323156'	'536923'	'경기도 성남시 성남동'	'흐림'	'86'	'245'	'76'	'159'	'95'	'131'	'245'	'119'	'131'	'56'
'8199'	'떡기볶기'	'주중'	'2010-10-13'	'12시~13시까지'	'321046'	'529659'	'경기도 성남시 정자1동'	'흐림'	'0'	'40'	'74'	'35'	'22'	'0'	'55'	'15'	'25'	'14'
'8199'	'떡기볶기'	'주중'	'2010-10-13'	'19시~20시까지'	'321046'	'529659'	'경기도 성남시 정자1동'	'흐림'	'0'	'76'	'125'	'65'	'36'	'0'	'100'	'25'	'40'	'22'
'8199'	'떡기볶기'	'주말'	'2010-10-10'	'12시~13시까지'	'321046'	'529659'	'경기도 성남시 정자1동'	'흐림'	'7'	'28'	'60'	'55'	'40'	'14'	'45'	'45'	'35'	'25'
'8199'	'떡기볶기'	'주말'	'2010-10-10'	'19시~20시까지'	'321046'	'529659'	'경기도 성남시 정자1동'	'흐림'	'25'	'70'	'141'	'25'	'5'	'11'	'115'	'40'	'11'	'10'
